{
  "reward_version": "v3_frontier_new_bdqn",
  "reward_mean": 0.9649609999999966,
  "reward_std": 6.442915947416893,
  "detected_mean": 1.309,
  "completed_mean": 0.367,
  "detected_value_mean": 1.606,
  "completed_value_mean": 0.454,
  "sensor_coverage_ratio_mean": 0.33098499990999697,
  "stay_ratio": 0.61722,
  "boundary_hit_ratio": 0.03867333333333333,
  "revisit_ratio": 0.9935466666666667,
  "sensor_revisit_ratio": 0.79986,
  "new_observed_cells_per_step": 0.87596,
  "tracking_progress_ratio": 0.010933333333333333,
  "action_counts": {
    "up": 19562,
    "down": 21335,
    "right": 7316,
    "left": 9204,
    "stay": 92583
  }
}