{
  "reward_version": "v3_frontier_new_bdqn",
  "reward_mean": -1.3579590000000015,
  "reward_std": 7.801984934061269,
  "detected_mean": 1.648,
  "completed_mean": 0.457,
  "detected_value_mean": 2.067,
  "completed_value_mean": 0.575,
  "sensor_coverage_ratio_mean": 0.3997299999445677,
  "stay_ratio": 0.30344666666666664,
  "boundary_hit_ratio": 0.21061333333333335,
  "revisit_ratio": 0.99338,
  "sensor_revisit_ratio": 0.71454,
  "new_observed_cells_per_step": 1.05928,
  "tracking_progress_ratio": 0.012733333333333333,
  "action_counts": {
    "up": 34245,
    "right": 18760,
    "left": 17079,
    "stay": 45517,
    "down": 34399
  }
}