action_0,action_1,action_2,action_3,action_4,boundary_hits,collision_agents,completed,completed_value,coverage_overlap_ratio,decisions,detected,detected_value,env_steps,episode,episode_length,first_completion_step,first_detection_step,had_completion,had_detection,knowledge_overlap_ratio,local_new_observed_cells,local_sensor_revisit_steps,mean_local_coverage_ratio,reward,reward_part_boundary,reward_part_collision,reward_part_complete,reward_part_potential,reward_part_step,simultaneous_overlap_sum,team_coverage_ratio,team_new_observed_cells,tracking_progress_steps,world_seed
0,0,0,0,0,0,0,0.0,0.0,0.33480176211453744,450,1.0,2.0,150,0,150.0,nan,35.0,0.0,1.0,0.0,322,314,0.2708333134651184,-7.990708346174419,0.0,0.0,0.0,-5.740708346174417,-2.2499999999999964,0.9795941448647888,0.5674999952316284,224,8,200000
0,0,0,0,0,0,10,0.0,0.0,0.6577181208053692,450,0.0,0.0,150,1,150.0,nan,nan,0.0,0.0,1.0,299,336,0.2516666650772095,-4.794750005658715,0.0,-0.2,0.0,-2.3447500056587134,-2.2499999999999964,15.47191718369879,0.3725000023841858,146,0,200001
0,0,0,0,0,0,0,0.0,0.0,0.14096916299559473,450,2.0,3.0,150,2,150.0,nan,22.0,0.0,1.0,0.0,259,350,0.21833331882953644,-7.942583309666573,0.0,0.0,0.0,-5.692583309666576,-2.2499999999999964,0.23230717348364407,0.5674999952316284,224,13,200002
0,0,0,0,0,0,4,0.0,0.0,0.4,450,1.0,2.0,150,3,150.0,nan,83.0,0.0,1.0,0.0,287,340,0.24166667461395264,-6.584500009175404,0.0,-0.08,0.0,-4.2545000091754055,-2.2499999999999964,9.333410299115819,0.5,197,0,200003
