action_0,action_1,action_2,action_3,action_4,boundary_hits,collision_agents,completed,completed_value,coverage_overlap_ratio,decisions,detected,detected_value,env_steps,episode,episode_length,first_completion_step,first_detection_step,had_completion,had_detection,knowledge_overlap_ratio,local_new_observed_cells,local_sensor_revisit_steps,mean_local_coverage_ratio,reward,reward_part_boundary,reward_part_collision,reward_part_complete,reward_part_potential,reward_part_step,simultaneous_overlap_sum,team_coverage_ratio,team_new_observed_cells,tracking_progress_steps,world_seed
0,0,0,0,0,0,192,4.0,5.0,0.3492462311557789,348,4.0,5.0,116,0,116.0,16.0,12.0,1.0,1.0,0.0,540,209,0.45250001549720764,8.241499994788258,0.0,-3.8400000000000025,24.0,-10.178500005211696,-1.739999999999996,28.781039838839423,0.9950000047683716,395,12,200000
0,0,0,0,0,0,0,4.0,5.0,0.8256410256410256,246,4.0,5.0,82,1,82.0,27.0,23.0,1.0,1.0,0.25,857,26,0.7166666984558105,15.560750023964795,0.0,0.0,24.0,-7.209249976035224,-1.2299999999999993,2.090515853120026,0.9750000238418579,387,12,200001
0,0,0,0,0,0,0,4.0,5.0,0.22317596566523606,75,4.0,5.0,25,2,25.0,7.0,3.0,1.0,1.0,0.0,282,13,0.23750001192092896,21.88350000495091,0.0,0.0,24.0,-1.741499995049086,-0.3750000000000002,0.2523809523809524,0.5824999809265137,230,12,200002
0,0,0,0,0,0,0,4.0,5.0,0.3131868131868132,63,4.0,5.0,21,3,21.0,8.0,4.0,1.0,1.0,0.0,237,12,0.20000000298023224,22.374000001493833,0.0,0.0,24.0,-1.310999998506162,-0.31500000000000017,0.3137254901960784,0.45500001311302185,179,12,200003
