{
  "reward_version": "v2_frontier",
  "reward_mean": -2.419935999999998,
  "reward_std": 8.020398972239715,
  "detected_mean": 1.121,
  "completed_mean": 0.289,
  "detected_value_mean": 1.395,
  "completed_value_mean": 0.364,
  "sensor_coverage_ratio_mean": 0.2810175003483891,
  "stay_ratio": 0.21775333333333333,
  "boundary_hit_ratio": 0.16422,
  "revisit_ratio": 0.9937533333333334,
  "sensor_revisit_ratio": 0.8055066666666667,
  "new_observed_cells_per_step": 0.7427133333333333,
  "tracking_progress_ratio": 0.008106666666666667,
  "action_counts": {
    "up": 26197,
    "right": 29240,
    "left": 28444,
    "down": 33456,
    "stay": 32663
  }
}