{
  "reward_version": "v2_frontier",
  "reward_mean": -2.7021090000000036,
  "reward_std": 8.306651267455432,
  "detected_mean": 1.509,
  "completed_mean": 0.455,
  "detected_value_mean": 1.89,
  "completed_value_mean": 0.566,
  "sensor_coverage_ratio_mean": 0.37453249970823527,
  "stay_ratio": 0.33430666666666664,
  "boundary_hit_ratio": 0.2158,
  "revisit_ratio": 0.99408,
  "sensor_revisit_ratio": 0.74482,
  "new_observed_cells_per_step": 0.9920866666666667,
  "tracking_progress_ratio": 0.012553333333333333,
  "action_counts": {
    "down": 26546,
    "up": 34169,
    "right": 15850,
    "stay": 50146,
    "left": 23289
  }
}