{
  "episodes": 300,
  "reward_mean": 9.019703333333325,
  "reward_std": 8.7558259287929,
  "detected_mean": 2.67,
  "completed_mean": 1.08,
  "detected_value_mean": 3.3433333333333333,
  "completed_value_mean": 1.36,
  "detected_to_completed_ratio": 0.40449438202247195,
  "team_coverage_ratio_mean": 0.6587833314140638,
  "mean_local_coverage_ratio_mean": 0.3149888907869657,
  "coverage_overlap_ratio_mean": 0.3802414683731276,
  "knowledge_overlap_ratio_mean": 0.07194444444444444,
  "episode_length_mean": 149.83666666666667,
  "first_detection_step_mean": 16.515254237288136,
  "first_completion_step_mean": 59.07373271889401,
  "stay_ratio": 0.16913972992814397,
  "boundary_hit_ratio": 0.0,
  "collision_agent_ratio": 0.1113212164356744,
  "local_sensor_revisit_ratio": 0.7600869094495488,
  "local_new_observed_cells_per_decision": 0.8342120679554774,
  "team_new_observed_cells_per_env_step": 1.7386487508620498,
  "tracking_progress_ratio": 0.009210028697915509,
  "action_counts": {
    "stay": 22809,
    "up": 35652,
    "down": 34798,
    "left": 21913,
    "right": 19681
  },
  "eval_seed_base": 100000,
  "reward_part_step_mean_per_episode": -2.2475499999999964,
  "reward_part_step_mean_per_env_step": -0.014999999999999977,
  "reward_part_boundary_mean_per_episode": 0.0,
  "reward_part_boundary_mean_per_env_step": 0.0,
  "reward_part_collision_mean_per_episode": -1.0008000000000004,
  "reward_part_collision_mean_per_env_step": -0.006679272986140467,
  "reward_part_new_cell_mean_per_episode": 0.00532,
  "reward_part_new_cell_mean_per_env_step": 3.550532802384819e-05,
  "reward_part_revisit_mean_per_episode": 0.0,
  "reward_part_revisit_mean_per_env_step": 0.0,
  "reward_part_new_observed_mean_per_episode": 3.8624999999999985,
  "reward_part_new_observed_mean_per_env_step": 0.025778069453404807,
  "reward_part_detect_mean_per_episode": 2.208,
  "reward_part_detect_mean_per_env_step": 0.014736045916664815,
  "reward_part_track_progress_mean_per_episode": 1.874,
  "reward_part_track_progress_mean_per_env_step": 0.012506952014415698,
  "reward_part_complete_mean_per_episode": 6.56,
  "reward_part_complete_mean_per_env_step": 0.04378100598429401,
  "reward_part_idle_stay_mean_per_episode": -2.2750999999999992,
  "reward_part_idle_stay_mean_per_env_step": -0.01518386687726635,
  "reward_part_all_targets_mean_per_episode": 0.03333333333333333,
  "reward_part_all_targets_mean_per_env_step": 0.00022246446130230694,
  "algo": "shared_ddqn",
  "seed": 43,
  "n_agents": 3,
  "reward_version": "multi_local_v1_from_single_D"
}