{
  "episodes": 300,
  "reward_mean": 2.9165499999999964,
  "reward_std": 8.891169933563294,
  "detected_mean": 2.0933333333333333,
  "completed_mean": 0.8766666666666667,
  "detected_value_mean": 2.66,
  "completed_value_mean": 1.0933333333333333,
  "detected_to_completed_ratio": 0.41878980891719747,
  "team_coverage_ratio_mean": 0.5085666653513908,
  "mean_local_coverage_ratio_mean": 0.22294722318649293,
  "coverage_overlap_ratio_mean": 0.2794799510092822,
  "knowledge_overlap_ratio_mean": 0.14083333333333334,
  "episode_length_mean": 149.93333333333334,
  "first_detection_step_mean": 18.652014652014653,
  "first_completion_step_mean": 50.27717391304348,
  "stay_ratio": 0.3653327404772492,
  "boundary_hit_ratio": 0.0,
  "collision_agent_ratio": 0.16255372758262931,
  "local_sensor_revisit_ratio": 0.8360308285163777,
  "local_new_observed_cells_per_decision": 0.5881206462131318,
  "team_new_observed_cells_per_env_step": 1.3367718986216095,
  "tracking_progress_ratio": 0.00756632577441826,
  "action_counts": {
    "right": 16663,
    "up": 27218,
    "left": 19637,
    "stay": 49298,
    "down": 22124
  },
  "eval_seed_base": 100000,
  "reward_part_step_mean_per_episode": -2.2489999999999966,
  "reward_part_step_mean_per_env_step": -0.014999999999999975,
  "reward_part_boundary_mean_per_episode": 0.0,
  "reward_part_boundary_mean_per_env_step": 0.0,
  "reward_part_collision_mean_per_episode": -1.462333333333334,
  "reward_part_collision_mean_per_env_step": -0.009753223654957762,
  "reward_part_new_cell_mean_per_episode": 0.005166666666666667,
  "reward_part_new_cell_mean_per_env_step": 3.4459759893285906e-05,
  "reward_part_revisit_mean_per_episode": 0.0,
  "reward_part_revisit_mean_per_env_step": 0.0,
  "reward_part_new_observed_mean_per_episode": 2.96645,
  "reward_part_new_observed_mean_per_env_step": 0.019785126722987992,
  "reward_part_detect_mean_per_episode": 1.7659999999999998,
  "reward_part_detect_mean_per_env_step": 0.01177856825255669,
  "reward_part_track_progress_mean_per_episode": 1.557,
  "reward_part_track_progress_mean_per_env_step": 0.010384615384615384,
  "reward_part_complete_mean_per_episode": 5.24,
  "reward_part_complete_mean_per_env_step": 0.034948866162739,
  "reward_part_idle_stay_mean_per_episode": -4.923399999999996,
  "reward_part_idle_stay_mean_per_env_step": -0.03283726100489103,
  "reward_part_all_targets_mean_per_episode": 0.016666666666666666,
  "reward_part_all_targets_mean_per_env_step": 0.00011116051578479324,
  "algo": "shared_bdqn",
  "seed": 42,
  "n_agents": 3,
  "reward_version": "multi_local_v1_from_single_D"
}