{
  "reward_version": "v3_frontier",
  "ablation": "D",
  "episodes": 1000,
  "reward_mean": 6.131705000000007,
  "reward_std": 6.370454598219435,
  "detected_mean": 1.38,
  "completed_mean": 0.497,
  "detected_value_mean": 1.718,
  "completed_value_mean": 0.616,
  "sensor_coverage_ratio_mean": 0.3358750000074506,
  "episode_length_mean": 149.95,
  "detected_to_completed_ratio": 0.3601449275362319,
  "first_detection_step_mean": 37.0089058524173,
  "first_completion_step_mean": 59.31920199501247,
  "stay_ratio": 0.015398466155385128,
  "boundary_hit_ratio": 0.0,
  "revisit_ratio": 0.9933311103701233,
  "sensor_revisit_ratio": 0.756058686228743,
  "new_observed_cells_per_step": 0.889296432144048,
  "tracking_progress_ratio": 0.01341780593531177,
  "action_counts": {
    "up": 55084,
    "left": 17182,
    "down": 61975,
    "right": 13400,
    "stay": 2309
  },
  "reward_part_step_mean_per_episode": -0.7497499999993906,
  "reward_part_step_mean_per_step": -0.0049999999999959365,
  "reward_part_boundary_mean_per_episode": 0.0,
  "reward_part_boundary_mean_per_step": 0.0,
  "reward_part_new_cell_mean_per_episode": 0.0020000000000000013,
  "reward_part_new_cell_mean_per_step": 1.333777925975326e-05,
  "reward_part_revisit_mean_per_episode": 0.0,
  "reward_part_revisit_mean_per_step": 0.0,
  "reward_part_new_observed_mean_per_episode": 1.978725000000671,
  "reward_part_new_observed_mean_per_step": 0.013195898632882102,
  "reward_part_detect_mean_per_episode": 1.1322000000000059,
  "reward_part_detect_mean_per_step": 0.007550516838946355,
  "reward_part_track_progress_mean_per_episode": 0.8927999999999698,
  "reward_part_track_progress_mean_per_step": 0.00595398466155365,
  "reward_part_complete_mean_per_episode": 2.94,
  "reward_part_complete_mean_per_step": 0.01960653551183728,
  "reward_part_idle_stay_mean_per_episode": -0.06927000000000186,
  "reward_part_idle_stay_mean_per_step": -0.00046195398466156623,
  "reward_part_all_targets_mean_per_episode": 0.005,
  "reward_part_all_targets_mean_per_step": 3.334444814938313e-05,
  "algo": "bdqn",
  "seed": 45,
  "checkpoint": "runs/single_suite/confirm/D/bdqn_seed45_train1000/best.pt",
  "evaluation_mode": "posterior_mean",
  "eval_seed_base": 200000
}