{
  "reward_version": "v3_frontier",
  "ablation": "D",
  "episodes": 1000,
  "reward_mean": 4.983897000000004,
  "reward_std": 6.157809242124271,
  "detected_mean": 1.425,
  "completed_mean": 0.406,
  "detected_value_mean": 1.807,
  "completed_value_mean": 0.505,
  "sensor_coverage_ratio_mean": 0.3526449993811548,
  "episode_length_mean": 149.997,
  "detected_to_completed_ratio": 0.2849122807017544,
  "first_detection_step_mean": 32.643649815043155,
  "first_completion_step_mean": 56.663690476190474,
  "stay_ratio": 0.16627665886651066,
  "boundary_hit_ratio": 0.0,
  "revisit_ratio": 0.993559871197424,
  "sensor_revisit_ratio": 0.7367214010946885,
  "new_observed_cells_per_step": 0.9337386747734955,
  "tracking_progress_ratio": 0.01160689880464276,
  "action_counts": {
    "down": 22458,
    "left": 38179,
    "right": 39738,
    "up": 24681,
    "stay": 24941
  },
  "reward_part_step_mean_per_episode": -0.7499849999993904,
  "reward_part_step_mean_per_step": -0.0049999999999959365,
  "reward_part_boundary_mean_per_episode": 0.0,
  "reward_part_boundary_mean_per_step": 0.0,
  "reward_part_new_cell_mean_per_episode": 0.0019320000000000014,
  "reward_part_new_cell_mean_per_step": 1.2880257605152113e-05,
  "reward_part_revisit_mean_per_episode": 0.0,
  "reward_part_revisit_mean_per_step": 0.0,
  "reward_part_new_observed_mean_per_episode": 2.079120000000687,
  "reward_part_new_observed_mean_per_step": 0.013861077221549011,
  "reward_part_detect_mean_per_episode": 1.1988000000000003,
  "reward_part_detect_mean_per_step": 0.007992159843196867,
  "reward_part_track_progress_mean_per_episode": 0.7802999999999805,
  "reward_part_track_progress_mean_per_step": 0.005202104042080711,
  "reward_part_complete_mean_per_episode": 2.416,
  "reward_part_complete_mean_per_step": 0.016106988806442797,
  "reward_part_idle_stay_mean_per_episode": -0.7472699999995622,
  "reward_part_idle_stay_mean_per_step": -0.004981899637989841,
  "reward_part_all_targets_mean_per_episode": 0.005,
  "reward_part_all_targets_mean_per_step": 3.33340000133336e-05,
  "algo": "bdqn",
  "seed": 47,
  "checkpoint": "runs/single_suite/confirm/D/bdqn_seed47_train1000/best.pt",
  "evaluation_mode": "posterior_mean",
  "eval_seed_base": 200000
}