{
  "reward_version": "v3_frontier",
  "ablation": "D",
  "episodes": 1000,
  "reward_mean": 7.1101300000000025,
  "reward_std": 6.902399040413419,
  "detected_mean": 1.797,
  "completed_mean": 0.571,
  "detected_value_mean": 2.222,
  "completed_value_mean": 0.71,
  "sensor_coverage_ratio_mean": 0.4320324992612004,
  "episode_length_mean": 149.962,
  "detected_to_completed_ratio": 0.31775180856983865,
  "first_detection_step_mean": 33.1231101511879,
  "first_completion_step_mean": 63.50222222222222,
  "stay_ratio": 0.12839252610661367,
  "boundary_hit_ratio": 0.0,
  "revisit_ratio": 0.99366506181566,
  "sensor_revisit_ratio": 0.6765713980875155,
  "new_observed_cells_per_step": 1.1457102465958042,
  "tracking_progress_ratio": 0.015523932729624839,
  "action_counts": {
    "right": 48973,
    "down": 17012,
    "up": 16029,
    "left": 48694,
    "stay": 19254
  },
  "reward_part_step_mean_per_episode": -0.7498099999993906,
  "reward_part_step_mean_per_step": -0.0049999999999959365,
  "reward_part_boundary_mean_per_episode": 0.0,
  "reward_part_boundary_mean_per_step": 0.0,
  "reward_part_new_cell_mean_per_episode": 0.0019000000000000015,
  "reward_part_new_cell_mean_per_step": 1.2669876368680075e-05,
  "reward_part_revisit_mean_per_episode": 0.0,
  "reward_part_revisit_mean_per_step": 0.0,
  "reward_part_new_observed_mean_per_episode": 2.5560600000003575,
  "reward_part_new_observed_mean_per_step": 0.01704471799522784,
  "reward_part_detect_mean_per_episode": 1.4606999999999775,
  "reward_part_detect_mean_per_step": 0.009740467585121414,
  "reward_part_track_progress_mean_per_episode": 1.0151999999999568,
  "reward_part_track_progress_mean_per_step": 0.006769714994464977,
  "reward_part_complete_mean_per_episode": 3.396,
  "reward_part_complete_mean_per_step": 0.022645736920019737,
  "reward_part_idle_stay_mean_per_episode": -0.5749199999997189,
  "reward_part_idle_stay_mean_per_step": -0.0038337712220410432,
  "reward_part_all_targets_mean_per_episode": 0.005,
  "reward_part_all_targets_mean_per_step": 3.334177991757912e-05,
  "algo": "ddqn",
  "seed": 46,
  "checkpoint": "runs/single_suite/confirm/D/ddqn_seed46_train1000/best.pt",
  "evaluation_mode": "posterior_mean",
  "eval_seed_base": 200000
}