{
  "reward_version": "v3_frontier",
  "ablation": "D",
  "episodes": 1000,
  "reward_mean": 5.649740000000002,
  "reward_std": 6.505595415671041,
  "detected_mean": 1.611,
  "completed_mean": 0.542,
  "detected_value_mean": 2.011,
  "completed_value_mean": 0.666,
  "sensor_coverage_ratio_mean": 0.3994124999269843,
  "episode_length_mean": 150.0,
  "detected_to_completed_ratio": 0.33643699565487273,
  "first_detection_step_mean": 36.47747747747748,
  "first_completion_step_mean": 61.31121281464531,
  "stay_ratio": 0.30583333333333335,
  "boundary_hit_ratio": 0.0,
  "revisit_ratio": 0.9935666666666667,
  "sensor_revisit_ratio": 0.6915666666666667,
  "new_observed_cells_per_step": 1.0584333333333333,
  "tracking_progress_ratio": 0.014133333333333333,
  "action_counts": {
    "right": 26975,
    "down": 24760,
    "stay": 45875,
    "up": 24684,
    "left": 27706
  },
  "reward_part_step_mean_per_episode": -0.7499999999993904,
  "reward_part_step_mean_per_step": -0.004999999999995936,
  "reward_part_boundary_mean_per_episode": 0.0,
  "reward_part_boundary_mean_per_step": 0.0,
  "reward_part_new_cell_mean_per_episode": 0.0019300000000000016,
  "reward_part_new_cell_mean_per_step": 1.2866666666666677e-05,
  "reward_part_revisit_mean_per_episode": 0.0,
  "reward_part_revisit_mean_per_step": 0.0,
  "reward_part_new_observed_mean_per_episode": 2.3598900000005414,
  "reward_part_new_observed_mean_per_step": 0.01573260000000361,
  "reward_part_detect_mean_per_episode": 1.3265999999999905,
  "reward_part_detect_mean_per_step": 0.008843999999999935,
  "reward_part_track_progress_mean_per_episode": 0.9239999999999634,
  "reward_part_track_progress_mean_per_step": 0.006159999999999756,
  "reward_part_complete_mean_per_episode": 3.16,
  "reward_part_complete_mean_per_step": 0.021066666666666668,
  "reward_part_idle_stay_mean_per_episode": -1.3726799999989934,
  "reward_part_idle_stay_mean_per_step": -0.00915119999999329,
  "reward_part_all_targets_mean_per_episode": 0.0,
  "reward_part_all_targets_mean_per_step": 0.0,
  "algo": "ddqn",
  "seed": 48,
  "checkpoint": "runs/single_suite/confirm/D/ddqn_seed48_train1000/best.pt",
  "evaluation_mode": "posterior_mean",
  "eval_seed_base": 200000
}