{
  "episodes": 300,
  "reward_mean": 12.067309999999988,
  "reward_std": 9.041162801721534,
  "detected_mean": 2.9066666666666667,
  "completed_mean": 1.47,
  "detected_value_mean": 3.6066666666666665,
  "completed_value_mean": 1.8,
  "detected_to_completed_ratio": 0.5057339449541284,
  "team_coverage_ratio_mean": 0.7048083337148031,
  "mean_local_coverage_ratio_mean": 0.3439000003536542,
  "coverage_overlap_ratio_mean": 0.40571012008681634,
  "knowledge_overlap_ratio_mean": 0.08027777777777777,
  "episode_length_mean": 149.24,
  "first_detection_step_mean": 21.74074074074074,
  "first_completion_step_mean": 53.944664031620555,
  "stay_ratio": 0.1831725185383722,
  "boundary_hit_ratio": 0.0,
  "collision_agent_ratio": 0.08156139253700229,
  "local_sensor_revisit_ratio": 0.7209416599660502,
  "local_new_observed_cells_per_decision": 0.9150361833288663,
  "team_new_observed_cells_per_env_step": 1.8689582774948628,
  "tracking_progress_ratio": 0.0119345424223473,
  "action_counts": {
    "right": 27312,
    "left": 24014,
    "up": 27190,
    "down": 31197,
    "stay": 24603
  },
  "eval_seed_base": 100000,
  "reward_part_step_mean_per_episode": -2.2385999999999964,
  "reward_part_step_mean_per_env_step": -0.014999999999999975,
  "reward_part_boundary_mean_per_episode": 0.0,
  "reward_part_boundary_mean_per_env_step": 0.0,
  "reward_part_collision_mean_per_episode": -0.7303333333333336,
  "reward_part_collision_mean_per_env_step": -0.00489368355222014,
  "reward_part_new_cell_mean_per_episode": 0.005893333333333333,
  "reward_part_new_cell_mean_per_env_step": 3.948896631823461e-05,
  "reward_part_revisit_mean_per_episode": 0.0,
  "reward_part_revisit_mean_per_env_step": 0.0,
  "reward_part_new_observed_mean_per_episode": 4.146949999999999,
  "reward_part_new_observed_mean_per_env_step": 0.027787121415170188,
  "reward_part_detect_mean_per_episode": 2.374,
  "reward_part_detect_mean_per_env_step": 0.015907263468239077,
  "reward_part_track_progress_mean_per_episode": 2.3409999999999997,
  "reward_part_track_progress_mean_per_env_step": 0.015686143125167515,
  "reward_part_complete_mean_per_episode": 8.52,
  "reward_part_complete_mean_per_env_step": 0.05708925221120343,
  "reward_part_idle_stay_mean_per_episode": -2.4515999999999987,
  "reward_part_idle_stay_mean_per_env_step": -0.016427231305280076,
  "reward_part_all_targets_mean_per_episode": 0.1,
  "reward_part_all_targets_mean_per_env_step": 0.0006700616456714018,
  "algo": "qmix_ddqn",
  "seed": 44,
  "n_agents": 3,
  "reward_version": "multi_local_v1_from_single_D"
}