{
  "episodes": 300,
  "reward_mean": 8.38483333333333,
  "reward_std": 8.732229325066735,
  "detected_mean": 2.54,
  "completed_mean": 1.12,
  "detected_value_mean": 3.1966666666666668,
  "completed_value_mean": 1.3933333333333333,
  "detected_to_completed_ratio": 0.44094488188976383,
  "team_coverage_ratio_mean": 0.6490083338816961,
  "mean_local_coverage_ratio_mean": 0.3146277775367101,
  "coverage_overlap_ratio_mean": 0.3888530492885768,
  "knowledge_overlap_ratio_mean": 0.11388888888888889,
  "episode_length_mean": 149.68666666666667,
  "first_detection_step_mean": 19.72758620689655,
  "first_completion_step_mean": 49.29032258064516,
  "stay_ratio": 0.21564304695734793,
  "boundary_hit_ratio": 0.0,
  "collision_agent_ratio": 0.10349767662821598,
  "local_sensor_revisit_ratio": 0.7469528941937974,
  "local_new_observed_cells_per_decision": 0.834083047551181,
  "team_new_observed_cells_per_env_step": 1.7142698080434686,
  "tracking_progress_ratio": 0.009063376831603794,
  "action_counts": {
    "down": 27803,
    "left": 27385,
    "stay": 29051,
    "right": 24833,
    "up": 25646
  },
  "eval_seed_base": 100000,
  "reward_part_step_mean_per_episode": -2.2452999999999967,
  "reward_part_step_mean_per_env_step": -0.014999999999999979,
  "reward_part_boundary_mean_per_episode": 0.0,
  "reward_part_boundary_mean_per_env_step": 0.0,
  "reward_part_collision_mean_per_episode": -0.9295333333333338,
  "reward_part_collision_mean_per_env_step": -0.006209860597692961,
  "reward_part_new_cell_mean_per_episode": 0.0055,
  "reward_part_new_cell_mean_per_env_step": 3.674341958758295e-05,
  "reward_part_revisit_mean_per_episode": 0.0,
  "reward_part_revisit_mean_per_env_step": 0.0,
  "reward_part_new_observed_mean_per_episode": 3.8022999999999985,
  "reward_part_new_observed_mean_per_env_step": 0.025401728054157566,
  "reward_part_detect_mean_per_episode": 2.115,
  "reward_part_detect_mean_per_env_step": 0.014129514986861444,
  "reward_part_track_progress_mean_per_episode": 1.8170000000000004,
  "reward_part_track_progress_mean_per_env_step": 0.01213868970738877,
  "reward_part_complete_mean_per_episode": 6.666666666666667,
  "reward_part_complete_mean_per_env_step": 0.04453747828797933,
  "reward_part_idle_stay_mean_per_episode": -2.896799999999999,
  "reward_part_idle_stay_mean_per_env_step": -0.019352425065692774,
  "reward_part_all_targets_mean_per_episode": 0.05,
  "reward_part_all_targets_mean_per_env_step": 0.00033403108715984503,
  "algo": "qmix_ddqn",
  "seed": 42,
  "n_agents": 3,
  "reward_version": "multi_local_v1_from_single_D"
}