{
  "episodes": 300,
  "reward_mean": 10.073673333333327,
  "reward_std": 9.279863000063923,
  "detected_mean": 2.7733333333333334,
  "completed_mean": 1.28,
  "detected_value_mean": 3.48,
  "completed_value_mean": 1.5966666666666667,
  "detected_to_completed_ratio": 0.4615384615384615,
  "team_coverage_ratio_mean": 0.6680333326260249,
  "mean_local_coverage_ratio_mean": 0.32675833264986676,
  "coverage_overlap_ratio_mean": 0.40198978320176004,
  "knowledge_overlap_ratio_mean": 0.09027777777777776,
  "episode_length_mean": 149.42666666666668,
  "first_detection_step_mean": 23.240677966101696,
  "first_completion_step_mean": 59.16593886462882,
  "stay_ratio": 0.21345290146039678,
  "boundary_hit_ratio": 0.0,
  "collision_agent_ratio": 0.09848011659379555,
  "local_sensor_revisit_ratio": 0.7350985990898545,
  "local_new_observed_cells_per_decision": 0.8680066030159722,
  "team_new_observed_cells_per_env_step": 1.7681806014098331,
  "tracking_progress_ratio": 0.01052169774843104,
  "action_counts": {
    "down": 16811,
    "up": 14098,
    "stay": 28706,
    "right": 36937,
    "left": 37932
  },
  "eval_seed_base": 100000,
  "reward_part_step_mean_per_episode": -2.2413999999999965,
  "reward_part_step_mean_per_env_step": -0.014999999999999977,
  "reward_part_boundary_mean_per_episode": 0.0,
  "reward_part_boundary_mean_per_env_step": 0.0,
  "reward_part_collision_mean_per_episode": -0.8829333333333337,
  "reward_part_collision_mean_per_env_step": -0.005908806995627735,
  "reward_part_new_cell_mean_per_episode": 0.0048066666666666666,
  "reward_part_new_cell_mean_per_env_step": 3.216739537788882e-05,
  "reward_part_revisit_mean_per_episode": 0.0,
  "reward_part_revisit_mean_per_env_step": 0.0,
  "reward_part_new_observed_mean_per_episode": 3.920399999999998,
  "reward_part_new_observed_mean_per_env_step": 0.02623628089586864,
  "reward_part_detect_mean_per_episode": 2.3,
  "reward_part_detect_mean_per_env_step": 0.015392165610778977,
  "reward_part_track_progress_mean_per_episode": 2.115,
  "reward_part_track_progress_mean_per_env_step": 0.014154100115998929,
  "reward_part_complete_mean_per_episode": 7.653333333333333,
  "reward_part_complete_mean_per_env_step": 0.05121798875702686,
  "reward_part_idle_stay_mean_per_episode": -2.862199999999998,
  "reward_part_idle_stay_mean_per_env_step": -0.019154546265726765,
  "reward_part_all_targets_mean_per_episode": 0.06666666666666667,
  "reward_part_all_targets_mean_per_env_step": 0.000446149727848666,
  "algo": "qmix_ddqn",
  "seed": 43,
  "n_agents": 3,
  "reward_version": "multi_local_v1_from_single_D"
}