action_0_ci95_high,action_0_ci95_low,action_0_mean,action_0_std,action_1_ci95_high,action_1_ci95_low,action_1_mean,action_1_std,action_2_ci95_high,action_2_ci95_low,action_2_mean,action_2_std,action_3_ci95_high,action_3_ci95_low,action_3_mean,action_3_std,action_4_ci95_high,action_4_ci95_low,action_4_mean,action_4_std,algo,baseline,blr_lambda,blr_noise_var,boundary_hit_ratio,boundary_hits_ci95_high,boundary_hits_ci95_low,boundary_hits_mean,boundary_hits_std,checkpoint,collision_agent_ratio,collision_agents_ci95_high,collision_agents_ci95_low,collision_agents_mean,collision_agents_std,completed_ci95_high,completed_ci95_low,completed_mean,completed_std,completed_value_ci95_high,completed_value_ci95_low,completed_value_mean,completed_value_std,coverage_overlap_ratio_ci95_high,coverage_overlap_ratio_ci95_low,coverage_overlap_ratio_mean,coverage_overlap_ratio_std,decisions_ci95_high,decisions_ci95_low,decisions_mean,decisions_std,detected_ci95_high,detected_ci95_low,detected_mean,detected_std,detected_to_completed_ratio,detected_value_ci95_high,detected_value_ci95_low,detected_value_mean,detected_value_std,detection_probability,env_steps_ci95_high,env_steps_ci95_low,env_steps_mean,env_steps_std,episode_csv,episode_length_ci95_high,episode_length_ci95_low,episode_length_mean,episode_length_std,episodes,eval_seed_base,execution_posterior_sampling,features_frozen,first_completion_step_ci95_high,first_completion_step_ci95_low,first_completion_step_mean,first_completion_step_std,first_detection_step_ci95_high,first_detection_step_ci95_low,first_detection_step_mean,first_detection_step_std,fixed_scenario,global_state_mode,had_completion_ci95_high,had_completion_ci95_low,had_completion_mean,had_completion_std,had_detection_ci95_high,had_detection_ci95_low,had_detection_mean,had_detection_std,is_baseline,knowledge_overlap_ratio_ci95_high,knowledge_overlap_ratio_ci95_low,knowledge_overlap_ratio_mean,knowledge_overlap_ratio_std,local_new_observed_cells_ci95_high,local_new_observed_cells_ci95_low,local_new_observed_cells_mean,local_new_observed_cells_per_decision,local_new_observed_cells_std,local_sensor_revisit_ratio,local_sensor_revisit_steps_ci95_high,local_sensor_revisit_steps_ci95_low,local_sensor_revisit_steps_mean,local_sensor_revisit_steps_std,mean_local_coverage_ratio_ci95_high,mean_local_coverage_ratio_ci95_low,mean_local_coverage_ratio_mean,mean_local_coverage_ratio_std,n_agents,new_observed_cells_ci95_high,new_observed_cells_ci95_low,new_observed_cells_mean,new_observed_cells_per_step,new_observed_cells_std,policy_mode,position_revisit_steps_ci95_high,position_revisit_steps_ci95_low,position_revisit_steps_mean,position_revisit_steps_std,posterior_kl_per_parameter,posterior_rebuilds,posterior_std_max,posterior_std_mean,posterior_std_min,revisit_ratio,reward_ci95_high,reward_ci95_low,reward_mean,reward_mode,reward_part_boundary_ci95_high,reward_part_boundary_ci95_low,reward_part_boundary_mean,reward_part_boundary_std,reward_part_collision_ci95_high,reward_part_collision_ci95_low,reward_part_collision_mean,reward_part_collision_std,reward_part_complete_ci95_high,reward_part_complete_ci95_low,reward_part_complete_mean,reward_part_complete_std,reward_part_potential_ci95_high,reward_part_potential_ci95_low,reward_part_potential_mean,reward_part_potential_std,reward_part_step_ci95_high,reward_part_step_ci95_low,reward_part_step_mean,reward_part_step_std,reward_std,scenario_seed,schema_version,scope,sensor_coverage_ratio_ci95_high,sensor_coverage_ratio_ci95_low,sensor_coverage_ratio_mean,sensor_coverage_ratio_std,sensor_revisit_ratio,sensor_revisit_steps_ci95_high,sensor_revisit_steps_ci95_low,sensor_revisit_steps_mean,sensor_revisit_steps_std,simultaneous_overlap_sum_ci95_high,simultaneous_overlap_sum_ci95_low,simultaneous_overlap_sum_mean,simultaneous_overlap_sum_std,simultaneous_sensor_overlap_ratio_mean,stay_ratio,summary_path,team_coverage_ratio_ci95_high,team_coverage_ratio_ci95_low,team_coverage_ratio_mean,team_coverage_ratio_std,team_new_observed_cells_ci95_high,team_new_observed_cells_ci95_low,team_new_observed_cells_mean,team_new_observed_cells_per_env_step,team_new_observed_cells_std,tracking_progress_ratio,tracking_progress_steps_ci95_high,tracking_progress_steps_ci95_low,tracking_progress_steps_mean,tracking_progress_steps_std,trained_posterior_sampling,training_seed
0.0,0.0,0.0,0.0,0.0,0.0,0.0,0.0,0.0,0.0,0.0,0.0,0.0,0.0,0.0,0.0,0.0,0.0,0.0,0.0,bayes_qmix_independent,,,,0.0,0.0,0.0,0.0,0.0,runs/thesis_v2/confirm/pdet_0p50/multi/bayes_qmix_independent/seed43/best.pt,0.05178666666666667,26.454594662698298,20.1534053373017,23.304,50.806491553737494,0.4289748316203163,0.35702516837968373,0.393,0.580130157809435,0.5572177256902645,0.4587822743097355,0.508,0.7936850760849671,0.3029076375287008,0.2838611990019822,0.2933844182653415,0.1535714399559961,450.0,450.0,450.0,0.0,2.0536364664106532,1.9303635335893468,1.992,0.9939496969162976,0.19728915662650603,2.5803747701171047,2.4176252298828955,2.499,1.3122495951609205,0.5,150.0,150.0,150.0,0.0,runs/thesis_v2/confirm/pdet_0p50/multi/bayes_qmix_independent/seed43/evaluation/final_test_posterior_mean_episodes.csv,150.0,150.0,150.0,0.0,1000,200000,mean,,48.075329618255545,41.022371531169746,44.548850574712645,33.515829573682865,16.887030933068893,14.333271442741045,15.610151187904968,19.813663953009826,False,memory_union,0.3775383850233859,0.31846161497661407,0.348,0.4763360158543546,0.9422328464449001,0.9097671535551,0.926,0.26177089219391836,,0.12302194759285144,0.08697805240714855,0.105,0.2906219384546031,292.0558748028982,283.8381251971018,287.947,0.6398822222222222,66.25971770993293,0.8370666666666666,377.89186642117966,375.46813357882036,376.68,19.54255868610863,0.24587989665165766,0.2390317719618954,0.24245583430677653,0.05521643157221747,3,,,,,,posterior_mean,,,,,2.8252692222595215,,0.06462374329566956,0.040817294269800186,0.0024351614993065596,,-7.002669438128981,-7.429717968138801,-7.216193703133891,task_potential,0.0,0.0,0.0,0.0,-0.4030681067460341,-0.5290918932539662,-0.46608000000000016,1.0161298310747504,2.755311859347187,2.228688140652813,2.492,4.246167212910956,-6.84628841364222,-7.137938992625562,-6.992113703133891,2.351578711980252,-2.2499999999999964,-2.2499999999999964,-2.2499999999999964,0.0,3.4432924345777134,,1,multi,,,,,,,,,,10.195742111045785,8.724246817797532,9.459994464421658,11.864667021900086,0.06306662976281101,0.0,runs/thesis_v2/confirm/pdet_0p50/multi/bayes_qmix_independent/seed43/evaluation/final_test_posterior_mean_summary.json,0.556160370464134,0.5420196273376467,0.5490899989008904,0.11401681636890558,219.46414862367664,213.80785137632336,216.636,1.44424,45.60672652142445,0.00312,1.5289313109146254,1.2790686890853744,1.404,2.0146424000303376,independent,43
0.0,0.0,0.0,0.0,0.0,0.0,0.0,0.0,0.0,0.0,0.0,0.0,0.0,0.0,0.0,0.0,0.0,0.0,0.0,0.0,bayes_qmix_independent,,,,0.0,0.0,0.0,0.0,0.0,runs/thesis_v2/confirm/pdet_0p50/multi/bayes_qmix_independent/seed43/best.pt,0.07799777777777778,39.11338630680938,31.08461369319061,35.099,64.73599616133207,0.3691034175020086,0.29889658249799145,0.334,0.5660777331780504,0.47626569729243967,0.3817343027075603,0.429,0.7622066648882048,0.2816511100548749,0.2634168107400903,0.2725339603974826,0.14702316122942677,450.0,450.0,450.0,0.0,2.0211251852005727,1.8948748147994272,1.958,1.017956777078477,0.17058222676200205,2.5514506405668107,2.3845493594331892,2.468,1.3457250833658412,0.5,150.0,150.0,150.0,0.0,runs/thesis_v2/confirm/pdet_0p50/multi/bayes_qmix_independent/seed43/evaluation/final_test_posterior_sample_independent_episodes.csv,150.0,150.0,150.0,0.0,1000,200000,independent,,50.16848088416141,41.46473710891817,45.81660899653979,37.680466807253254,18.18204264094213,15.250566054710044,16.716304347826085,22.670344434457487,False,memory_union,0.3171097542622607,0.2608902457377393,0.289,0.4532979152830951,0.9368233404763973,0.9031766595236028,0.92,0.2712931993250107,,0.1171778681825765,0.0811554651507568,0.09916666666666665,0.2904486472109427,284.022109716537,275.64989028346304,279.836,0.6218577777777777,67.5052079768665,0.8391133333333334,378.8315334571752,376.3704665428248,377.601,19.843583320559823,0.23918509186983647,0.2322082423549837,0.23569666711241008,0.05625433987825062,3,,,,,,posterior_sample_independent,,,,,2.8252692222595215,,0.06462374329566956,0.040817294269800186,0.0024351614993065596,,-7.3958153004681915,-7.821619273651919,-7.608717287060055,task_potential,0.0,0.0,0.0,0.0,-0.6216922738638126,-0.7822677261361881,-0.7019800000000004,1.294719923226642,2.3457059616462566,1.8462940383537436,2.096,4.026758497849107,-6.6035666774775255,-6.901907896642582,-6.752737287060054,2.4055253459135124,-2.2499999999999964,-2.2499999999999964,-2.2499999999999964,0.0,3.433257572489346,,1,multi,,,,,,,,,,10.4937893166126,9.0156554100166,9.7547223633146,11.918194163454368,0.06503148242209736,0.0,runs/thesis_v2/confirm/pdet_0p50/multi/bayes_qmix_independent/seed43/evaluation/final_test_posterior_sample_independent_summary.json,0.5515176738280098,0.5370273254138193,0.5442724996209145,0.11683568391590012,217.60706967834298,211.81093032165703,214.709,1.4313933333333333,46.73427349387171,0.002673333333333333,1.3213722919652446,1.0846277080347555,1.203,1.9088716562409322,independent,43
0.0,0.0,0.0,0.0,0.0,0.0,0.0,0.0,0.0,0.0,0.0,0.0,0.0,0.0,0.0,0.0,0.0,0.0,0.0,0.0,bayes_qmix_independent,,,,0.0,0.0,0.0,0.0,0.0,runs/thesis_v2/confirm/pdet_0p50/multi/bayes_qmix_independent/seed43/best.pt,0.12904444444444443,63.03407510452888,53.10592489547112,58.07,80.05067832317225,0.3668467987192652,0.29715320128073486,0.332,0.5619394985227502,0.48161768404946037,0.3863823159505396,0.434,0.7678828035579388,0.3117664404732891,0.2925593704706328,0.30216290547196095,0.1548666115980547,450.0,450.0,450.0,0.0,1.9210520415017431,1.794947958498257,1.858,1.0167772617441835,0.17868675995694294,2.4056655596495444,2.2383344403504557,2.322,1.3491908686320109,0.5,150.0,150.0,150.0,0.0,runs/thesis_v2/confirm/pdet_0p50/multi/bayes_qmix_independent/seed43/evaluation/final_test_posterior_sample_shared_episodes.csv,150.0,150.0,150.0,0.0,1000,200000,shared,,48.313577547521334,40.11150956049261,44.21254355400697,35.385090801375966,16.530423486583047,13.896739711664488,15.213581599123767,20.289669852544897,False,memory_union,0.31505169062546756,0.2589483093745324,0.287,0.4523615810388853,0.9304770585962621,0.895522941403738,0.913,0.2818350581457176,,0.1387355867963366,0.10026441320366336,0.11949999999999998,0.31019308502930887,280.8125659379623,271.44143406203773,276.127,0.6136155555555556,75.55943932428296,0.84136,380.00917841555565,377.2148215844444,378.612,22.530900026408176,0.23651047218543386,0.22870119559067392,0.2326058338880539,0.0629661996908019,3,,,,,,posterior_sample_shared,,,,,2.8252692222595215,,0.06462374329566956,0.040817294269800186,0.0024351614993065596,,-7.605240664890632,-8.06618616165078,-7.835713413270706,task_potential,0.0,0.0,0.0,0.0,-1.0621184979094227,-1.2606815020905777,-1.1614000000000002,1.6010135664634453,2.3977729104385896,1.8902270895614104,2.144,4.092342116685749,-6.420901517270577,-6.7157253092708356,-6.568313413270706,2.377164329554443,-2.2499999999999964,-2.2499999999999964,-2.2499999999999964,0.0,3.7166036883685987,,1,multi,,,,,,,,,,18.93405898209663,16.73824865160585,17.83615381685124,17.70481939973574,0.11890769211234173,0.0,runs/thesis_v2/confirm/pdet_0p50/multi/bayes_qmix_independent/seed43/evaluation/final_test_posterior_sample_shared_summary.json,0.5289852656476334,0.5126947342701121,0.5208399999588728,0.13135055972720414,208.59410626222387,202.07789373777615,205.336,1.3689066666666667,52.5402236767222,0.002611111111111111,1.2927956247456127,1.0572043752543874,1.175,1.8995723202868589,independent,43
0.0,0.0,0.0,0.0,0.0,0.0,0.0,0.0,0.0,0.0,0.0,0.0,0.0,0.0,0.0,0.0,0.0,0.0,0.0,0.0,bayes_qmix_independent,,,,0.0,0.0,0.0,0.0,0.0,runs/thesis_v2/confirm/pdet_0p50/multi/bayes_qmix_independent/seed44/best.pt,0.06046,30.179319088665693,24.23468091133431,27.207,47.93161953241305,0.3191404084519076,0.25485959154809235,0.287,0.518296247333511,0.395722555363089,0.312277444636911,0.354,0.6728179545761245,0.3331397916756062,0.31414507140035147,0.32364243153797884,0.1531544356778386,450.0,450.0,450.0,0.0,2.0946544321962413,1.959345567803759,2.027,1.0909954170389533,0.1415885545140602,2.606823466098378,2.4291765339016216,2.518,1.4323672713379065,0.5,150.0,150.0,150.0,0.0,runs/thesis_v2/confirm/pdet_0p50/multi/bayes_qmix_independent/seed44/evaluation/final_test_posterior_mean_episodes.csv,150.0,150.0,150.0,0.0,1000,200000,mean,,61.229281163904965,51.083218836095035,56.15625,41.33153636676842,23.296841703182384,19.0748974272524,21.18586956521739,32.650075176429,False,memory_union,0.28306323929837895,0.22893676070162108,0.256,0.4364218143035474,0.9368233404763973,0.9031766595236028,0.92,0.2712931993250107,,0.1424347755880817,0.10456522441191828,0.1235,0.3053422032918331,312.6396102392181,302.6303897607819,307.635,0.6836333333333333,80.70434793119885,0.8278,373.98574178203614,371.03425821796384,372.51,23.797812924720628,0.2630330093479912,0.254691992374583,0.2588625008612871,0.06725362253456366,3,,,,,,posterior_mean,,,,,2.682121992111206,,0.049924034625291824,0.04252734035253525,0.012602590024471283,,-7.173534686655803,-7.5803637233451076,-7.3769492050004555,task_potential,0.0,0.0,0.0,0.0,-0.48469361822668633,-0.603586381773314,-0.5441400000000002,0.9586323906482614,1.9004921311115792,1.4675078688884207,1.684,3.491152245319588,-6.118156452041412,-6.4154619579595,-6.266809205000456,2.3971743896706768,-2.2499999999999964,-2.2499999999999964,-2.2499999999999964,0.0,3.280262653442702,,1,multi,,,,,,,,,,10.806986094141864,9.438492163385165,10.122739128763515,11.034167003060993,0.06748492752509011,0.0,runs/thesis_v2/confirm/pdet_0p50/multi/bayes_qmix_independent/seed44/evaluation/final_test_posterior_mean_summary.json,0.5737162653480704,0.5586287356044118,0.5661725004762411,0.1216507571671329,226.48650592573307,220.45149407426692,223.469,1.4897933333333333,48.66030249597715,0.002288888888888889,1.1365283720614094,0.9234716279385907,1.03,1.7178765962664486,independent,44
0.0,0.0,0.0,0.0,0.0,0.0,0.0,0.0,0.0,0.0,0.0,0.0,0.0,0.0,0.0,0.0,0.0,0.0,0.0,0.0,bayes_qmix_independent,,,,0.0,0.0,0.0,0.0,0.0,runs/thesis_v2/confirm/pdet_0p50/multi/bayes_qmix_independent/seed44/best.pt,0.06917777777777778,34.64012873118202,27.619871268817985,31.13,56.60433817297045,0.32338854046876914,0.2566114595312308,0.29,0.5384236250388722,0.412913565767928,0.323086434232072,0.368,0.7242761904135743,0.29549793383801826,0.27794878304061654,0.2867233584393174,0.14149880851379415,450.0,450.0,450.0,0.0,2.1005244903642124,1.9674755096357872,2.034,1.0727739743301008,0.14257620452310718,2.6208491136231,2.4451508863769,2.533,1.4166548626959214,0.5,150.0,150.0,150.0,0.0,runs/thesis_v2/confirm/pdet_0p50/multi/bayes_qmix_independent/seed44/evaluation/final_test_posterior_sample_independent_episodes.csv,150.0,150.0,150.0,0.0,1000,200000,independent,,54.710959539774855,44.431897603082284,49.57142857142857,41.543614215498486,21.86244857551878,18.12244894335932,19.99244875943905,29.0329379427804,False,memory_union,0.2789230586056764,0.22507694139432363,0.252,0.43416126036301306,0.9431314952418782,0.9108685047581219,0.927,0.2601365026289083,,0.11064464399272533,0.07618868934060799,0.09341666666666666,0.27781837342247745,302.2277965665212,292.4842034334788,297.356,0.6607911111111111,78.56259456000674,0.82906,374.51516924857305,371.63883075142695,373.077,23.191918225968287,0.2543564974678389,0.24623683653644407,0.2502966670021415,0.06546882869674096,3,,,,,,posterior_sample_independent,,,,,2.682121992111206,,0.049924034625291824,0.04252734035253525,0.012602590024471283,,-7.369702298843919,-7.80872511456562,-7.589213706704769,task_potential,0.0,0.0,0.0,0.0,-0.55239742537636,-0.6928025746236407,-0.6226000000000004,1.1320867634594098,2.019720521114464,1.548279478885536,1.784,3.8012292748530707,-6.352070139960598,-6.649157273448943,-6.500613706704771,2.395413652699557,-2.2499999999999964,-2.2499999999999964,-2.2499999999999964,0.0,3.5398411041170776,,1,multi,,,,,,,,,,10.51145060135167,9.061754499237493,9.786602550294582,11.688900136787158,0.06524401700196389,0.0,runs/thesis_v2/confirm/pdet_0p50/multi/bayes_qmix_independent/seed44/evaluation/final_test_posterior_sample_independent_summary.json,0.5768465751018853,0.5607684240135818,0.5688074995577336,0.12963813738705476,227.7386302203935,221.3073697796065,224.523,1.49682,51.8552549988909,0.002191111111111111,1.0956362565721538,0.8763637434278462,0.986,1.767994343882355,independent,44
0.0,0.0,0.0,0.0,0.0,0.0,0.0,0.0,0.0,0.0,0.0,0.0,0.0,0.0,0.0,0.0,0.0,0.0,0.0,0.0,bayes_qmix_independent,,,,0.0,0.0,0.0,0.0,0.0,runs/thesis_v2/confirm/pdet_0p50/multi/bayes_qmix_independent/seed44/best.pt,0.09138666666666667,44.91409265019412,37.333907349805884,41.124,61.11903651073043,0.2870345879310174,0.22496541206898266,0.256,0.5004637849035631,0.36185052827149317,0.28014947172850685,0.321,0.6587556451371024,0.3303046946230564,0.3106081017647146,0.3204563981938855,0.1588136345406129,450.0,450.0,450.0,0.0,2.0074873735270944,1.8725126264729053,1.94,1.0883014288330233,0.13195876288659794,2.4897502397613716,2.3142497602386287,2.402,1.4150604227381953,0.5,150.0,150.0,150.0,0.0,runs/thesis_v2/confirm/pdet_0p50/multi/bayes_qmix_independent/seed44/evaluation/final_test_posterior_sample_shared_episodes.csv,150.0,150.0,150.0,0.0,1000,200000,shared,,62.12896670696368,50.748226275492456,56.43859649122807,43.741873448299,21.63762354765909,17.74123107789157,19.68942731277533,29.93506957434587,False,memory_union,0.2540165317735767,0.20198346822642332,0.228,0.41954260808647315,0.9259229777305762,0.8900770222694239,0.908,0.289025950392002,,0.1469725442505238,0.10769412241614283,0.12733333333333333,0.31670192786137424,305.82114404876364,294.6628559512364,300.242,0.6672044444444445,89.9692805128506,0.8271755555555556,373.921216800636,370.536783199364,372.229,27.288689213665062,0.2573509542444654,0.24805238083508532,0.25270166753977535,0.07497440038523871,3,,,,,,posterior_sample_shared,,,,,2.682121992111206,,0.049924034625291824,0.04252734035253525,0.012602590024471283,,-7.603268781548845,-8.039145466821994,-7.8212071241854195,task_potential,0.0,0.0,0.0,0.0,-0.746678146996118,-0.8982818530038826,-0.8224800000000003,1.222380730214609,1.7572341273235959,1.3307658726764042,1.544,3.4386136741425317,-6.142059469114923,-6.443394779255916,-6.2927271241854195,2.4296667024137797,-2.2499999999999964,-2.2499999999999964,-2.2499999999999964,0.0,3.5144738533003013,,1,multi,,,,,,,,,,14.473755780368553,12.71797927078267,13.595867525575612,14.156826560501912,0.09063911683717073,0.0,runs/thesis_v2/confirm/pdet_0p50/multi/bayes_qmix_independent/seed44/evaluation/final_test_posterior_sample_shared_summary.json,0.5623964154981496,0.5443685851431965,0.553382500320673,0.14535840194001456,221.95856606494937,214.74743393505065,218.353,1.4556866666666666,58.143360678584784,0.0019844444444444445,0.9951132775061258,0.7908867224938743,0.893,1.6466787786329187,independent,44
0.0,0.0,0.0,0.0,0.0,0.0,0.0,0.0,0.0,0.0,0.0,0.0,0.0,0.0,0.0,0.0,0.0,0.0,0.0,0.0,bayes_qmix_independent,,,,0.0,0.0,0.0,0.0,0.0,runs/thesis_v2/confirm/pdet_0p50/multi/bayes_qmix_independent/seed45/best.pt,0.07828,38.88284733053449,31.569152669465506,35.226,58.97032240033965,0.5153871169722205,0.43661288302777945,0.476,0.6351566735853446,0.6763130069902996,0.5676869930097004,0.622,0.8758515856011224,0.39034747127893615,0.37301037923379904,0.3816789252563676,0.1397889787262003,450.0,450.0,450.0,0.0,2.468805154143313,2.345194845856687,2.407,0.9966699554014858,0.19775654341503948,3.097886949038432,2.934113050961568,3.016,1.3205089927751346,0.5,150.0,150.0,150.0,0.0,runs/thesis_v2/confirm/pdet_0p50/multi/bayes_qmix_independent/seed45/evaluation/final_test_posterior_mean_episodes.csv,150.0,150.0,150.0,0.0,1000,200000,mean,,57.421762922213674,48.35546480055861,52.88861386138614,46.42976137826874,16.832409049511487,14.226895653964995,15.52965235173824,20.775645449574384,False,memory_union,0.43442896212716,0.3735710378728401,0.404,0.4906974628016738,0.9870960763081784,0.9689039236918215,0.978,0.14668333238647124,,0.09144401252845116,0.06372265413821551,0.07758333333333334,0.22351732160071075,378.72941172999305,370.432588270007,374.581,0.8324022222222223,66.89729022165247,0.7766888888888889,350.78033097916904,348.23966902083095,349.51,20.48535818578723,0.31810784345330284,0.31119382393895106,0.31465083369612695,0.05574774156403871,3,,,,,,posterior_mean,,,,,2.8289825916290283,,0.07479388266801834,0.041201360523700714,0.0021732442546635866,,-7.564971806935478,-8.076852854697487,-7.8209123308164825,task_potential,0.0,0.0,0.0,0.0,-0.6313830533893106,-0.7776569466106902,-0.7045200000000004,1.1794064480067934,3.3634073853041646,2.7805926146958355,3.072,4.699235682533916,-7.794269351234681,-8.082515310398286,-7.938392330816483,2.3241272612806103,-2.2499999999999964,-2.2499999999999964,-2.2499999999999964,0.0,4.127297052449996,,1,multi,,,,,,,,,,11.691559397018803,10.280274217022448,10.985916807020626,11.379192859418927,0.07323944538013755,0.0,runs/thesis_v2/confirm/pdet_0p50/multi/bayes_qmix_independent/seed45/evaluation/final_test_posterior_mean_summary.json,0.6653293377460824,0.6519756619034424,0.6586524998247624,0.10767069260654834,263.13173516246644,257.7902648375336,260.461,1.7364066666666667,43.06827694486976,0.00356,1.7323070739719344,1.4716929260280658,1.602,2.1013319585443897,independent,45
0.0,0.0,0.0,0.0,0.0,0.0,0.0,0.0,0.0,0.0,0.0,0.0,0.0,0.0,0.0,0.0,0.0,0.0,0.0,0.0,bayes_qmix_independent,,,,0.0,0.0,0.0,0.0,0.0,runs/thesis_v2/confirm/pdet_0p50/multi/bayes_qmix_independent/seed45/best.pt,0.09105333333333333,45.10031042758821,36.84768957241178,40.974,66.54088460488032,0.44498181119450464,0.3670181888054954,0.406,0.6286207123536417,0.5819522535455816,0.47604774645441844,0.529,0.8539080746778309,0.3214826212152835,0.3036636187182361,0.3125731199667598,0.14367462285467578,450.0,450.0,450.0,0.0,2.25114628465808,2.1228537153419196,2.187,1.0344230275859099,0.18564243255601282,2.8263578520182295,2.6596421479817702,2.743,1.3442287751718456,0.5,150.0,150.0,150.0,0.0,runs/thesis_v2/confirm/pdet_0p50/multi/bayes_qmix_independent/seed45/evaluation/final_test_posterior_sample_independent_episodes.csv,150.0,150.0,150.0,0.0,1000,200000,independent,,48.564022935869936,39.81209646711513,44.188059701492534,40.80288079670195,17.343417879571035,14.593490637779123,15.968454258675079,21.62205356689786,False,memory_union,0.36426891028222796,0.3057310897177721,0.335,0.4719904660054057,0.9643863330420362,0.9376136669579637,0.951,0.21586801523152985,,0.08985564082126982,0.05947769251206351,0.07466666666666666,0.2449374069702979,331.4983269308402,322.2216730691598,326.86,0.7263555555555555,74.7976630650985,0.8037044444444444,363.0096062095236,360.32439379047634,361.667,21.650868596894675,0.27874860665839385,0.27101806179541876,0.2748833342269063,0.06233138571214298,3,,,,,,posterior_sample_independent,,,,,2.8289825916290283,,0.07479388266801834,0.041201360523700714,0.0021732442546635866,,-7.738629659153444,-8.232494254518418,-7.985561956835931,task_potential,0.0,0.0,0.0,0.0,-0.736953791448236,-0.9020062085517646,-0.8194800000000003,1.330817692097607,2.8885116695868005,2.3274883304131997,2.608,4.52353136387933,-7.372889847206091,-7.675274066465768,-7.524081956835929,2.438124056974492,-2.2499999999999964,-2.2499999999999964,-2.2499999999999964,0.0,3.9820303909883266,,1,multi,,,,,,,,,,12.14489006137342,10.518160589561887,11.331525325467654,13.11632025349541,0.07554350216978443,0.0,runs/thesis_v2/confirm/pdet_0p50/multi/bayes_qmix_independent/seed45/evaluation/final_test_posterior_sample_independent_summary.json,0.6194564983744938,0.6042035022477786,0.6118300003111362,0.12298491266684285,244.7825992108546,238.68140078914539,241.732,1.6115466666666667,49.193964833097155,0.003162222222222222,1.5529594914695461,1.293040508530454,1.423,2.095726842887689,independent,45
0.0,0.0,0.0,0.0,0.0,0.0,0.0,0.0,0.0,0.0,0.0,0.0,0.0,0.0,0.0,0.0,0.0,0.0,0.0,0.0,bayes_qmix_independent,,,,0.0,0.0,0.0,0.0,0.0,runs/thesis_v2/confirm/pdet_0p50/multi/bayes_qmix_independent/seed45/best.pt,0.14714444444444444,71.54822908137973,60.881770918620276,66.215,86.00365559091078,0.3995962028319884,0.3284037971680116,0.364,0.5740243897257329,0.533908558530723,0.43409144146927686,0.484,0.8048254469138013,0.35281151973058555,0.33455325727434115,0.34368238850246335,0.14721637604671065,450.0,450.0,450.0,0.0,2.14919727068016,2.0228027293198396,2.086,1.0191192275685903,0.174496644295302,2.705223153742927,2.538776846257073,2.622,1.3420566306978257,0.5,150.0,150.0,150.0,0.0,runs/thesis_v2/confirm/pdet_0p50/multi/bayes_qmix_independent/seed45/evaluation/final_test_posterior_sample_shared_episodes.csv,150.0,150.0,150.0,0.0,1000,200000,shared,,45.92135527110156,37.29000119577542,41.60567823343849,39.14140464601427,15.356430515587153,12.978670226724617,14.167550371155885,18.616903772872543,False,memory_union,0.3458544838602051,0.2881455161397949,0.317,0.4653074252577537,0.9573769446732655,0.9286230553267344,0.943,0.23184261903282585,,0.11717062689679988,0.08316270643653342,0.10016666666666665,0.2742058735897375,331.0104740181654,321.1495259818346,326.08,0.7246222222222222,79.50882718289837,0.8056977777777777,364.036337328881,361.091662671119,362.564,23.7429127109544,0.27834206229093233,0.270124605659221,0.27423333397507665,0.06625735545979185,3,,,,,,posterior_sample_shared,,,,,2.8289825916290283,,0.07479388266801834,0.041201360523700714,0.0021732442546635866,,-8.243551377621102,-8.741027201031027,-8.492289289326065,task_potential,0.0,0.0,0.0,0.0,-1.2176354183724056,-1.4309645816275949,-1.3243000000000003,1.7200731118182158,2.6851258991996496,2.1468741008003502,2.416,4.339924423305088,-7.1847667661124,-7.483211812539732,-7.333989289326066,2.4063625051625723,-2.2499999999999964,-2.2499999999999964,-2.2499999999999964,0.0,4.011147723874194,,1,multi,,,,,,,,,,19.98817374190779,17.773425570606012,18.8807996562569,17.857515216274997,0.1258719977083794,0.0,runs/thesis_v2/confirm/pdet_0p50/multi/bayes_qmix_independent/seed45/evaluation/final_test_posterior_sample_shared_summary.json,0.598481538577897,0.5826034607449941,0.5905424996614456,0.12802494666452377,236.3926155641874,230.04138443581263,233.217,1.55478,51.20997862721679,0.002817777777777778,1.3940557709070829,1.1419442290929172,1.268,2.0327754425907454,independent,45
0.0,0.0,0.0,0.0,0.0,0.0,0.0,0.0,0.0,0.0,0.0,0.0,0.0,0.0,0.0,0.0,0.0,0.0,0.0,0.0,bayes_qmix_independent,,,,0.0,0.0,0.0,0.0,0.0,runs/thesis_v2/confirm/pdet_0p50/multi/bayes_qmix_independent/seed46/best.pt,0.06326888888888889,31.26860631925436,25.67339368074564,28.471,45.114201300699094,0.419281376433039,0.34671862356696104,0.383,0.5850734996562398,0.5338191658158038,0.4361808341841961,0.485,0.7872578992934907,0.386266242102299,0.3676279934998139,0.37694711780105644,0.1502802044658475,450.0,450.0,450.0,0.0,2.1242172538785,1.9957827461215003,2.06,1.0355674772799692,0.1859223300970874,2.638642707200811,2.4693572927991885,2.554,1.3649483506711892,0.5,150.0,150.0,150.0,0.0,runs/thesis_v2/confirm/pdet_0p50/multi/bayes_qmix_independent/seed46/evaluation/final_test_posterior_mean_episodes.csv,150.0,150.0,150.0,0.0,1000,200000,mean,,69.21822626201286,58.76386329022594,63.9910447761194,48.73991202578824,36.895864123631256,31.393215105490796,34.144539614561026,42.87721485469839,False,memory_union,0.36426891028222796,0.3057310897177721,0.335,0.4719904660054057,0.9493963839598473,0.9186036160401528,0.934,0.24828209762284517,,0.1407813148290764,0.1043853518375902,0.12258333333333331,0.2934606612856691,328.78662475501744,320.10737524498256,324.447,0.7209933333333334,69.98079158597737,0.8295422222222222,374.5001315882069,372.08786841179307,373.294,19.45007876590735,0.27648885495352593,0.2692561469734922,0.27287250096350907,0.058317326765150744,3,,,,,,posterior_mean,,,,,2.5751402378082275,,0.05238012969493866,0.04674829915165901,0.025666050612926483,,-5.660222100021357,-6.105112976994387,-5.882667538507872,task_potential,0.0,0.0,0.0,0.0,-0.513467873614913,-0.6253721263850875,-0.5694200000000003,0.9022840260139825,2.605829043145044,2.090170956854956,2.348,4.157751315314566,-5.268950287784881,-5.553544789230864,-5.411247538507872,2.2946855565310944,-2.2499999999999964,-2.2499999999999964,-2.2499999999999964,0.0,3.587155283870548,,1,multi,,,,,,,,,,14.918210953257326,13.250591330817244,14.084401142037285,13.44601755114163,0.09389600761358188,0.0,runs/thesis_v2/confirm/pdet_0p50/multi/bayes_qmix_independent/seed46/evaluation/final_test_posterior_mean_summary.json,0.5742409028949494,0.5606190958378557,0.5674299993664026,0.10983263467477357,226.69636140694683,221.24763859305318,223.972,1.4931466666666666,43.93305379779557,0.003311111111111111,1.6188873142701785,1.3611126857298215,1.49,2.0784369126822204,independent,46
0.0,0.0,0.0,0.0,0.0,0.0,0.0,0.0,0.0,0.0,0.0,0.0,0.0,0.0,0.0,0.0,0.0,0.0,0.0,0.0,bayes_qmix_independent,,,,0.0,0.0,0.0,0.0,0.0,runs/thesis_v2/confirm/pdet_0p50/multi/bayes_qmix_independent/seed46/best.pt,0.06611777777777778,33.11060218230812,26.39539781769188,29.753,54.144694947889406,0.3525802706507404,0.28541972934925963,0.319,0.5415154660764547,0.4396371751773354,0.3523628248226646,0.396,0.7036931149300808,0.28772408023428053,0.2700556228501255,0.278889851542203,0.14246077756109066,450.0,450.0,450.0,0.0,2.043173938222918,1.9088260617770823,1.976,1.083246970916605,0.16143724696356276,2.5550677081501436,2.3789322918498566,2.467,1.4201799181793833,0.5,150.0,150.0,150.0,0.0,runs/thesis_v2/confirm/pdet_0p50/multi/bayes_qmix_independent/seed46/evaluation/final_test_posterior_sample_independent_episodes.csv,150.0,150.0,150.0,0.0,1000,200000,independent,,58.19131122518459,47.64671694382949,52.91901408450704,45.251921495423495,34.65704124611443,29.26199595301029,31.95951859956236,41.585738357989925,False,memory_union,0.3119633377596212,0.25603666224037874,0.284,0.45093680266751346,0.9313858388866858,0.8966141611133143,0.914,0.2803640490505157,,0.13368092301376902,0.0956524103195643,0.11466666666666665,0.3066239100628361,294.9404610672435,285.93153893275644,290.436,0.6454133333333333,72.63894206278063,0.8377288888888889,378.23809075410236,375.71790924589766,376.978,20.32022430978556,0.24828371859743248,0.24077628344641078,0.24453000102192163,0.060532452033031,3,,,,,,posterior_sample_independent,,,,,2.5751402378082275,,0.05238012969493866,0.04674829915165901,0.025666050612926483,,-6.265898511492551,-6.680729897946808,-6.47331420471968,task_potential,0.0,0.0,0.0,0.0,-0.5279079563538377,-0.6622120436461626,-0.5950600000000001,1.0828938989577885,2.1192398149777256,1.664760185022274,1.892,3.664469402246388,-5.377510395050186,-5.662998014389173,-5.52025420471968,2.3018867663891265,-2.2499999999999964,-2.2499999999999964,-2.2499999999999964,0.0,3.3447856021667572,,1,multi,,,,,,,,,,10.742064767356265,9.334576627593428,10.038320697474846,11.348577322796979,0.06692213798316562,0.0,runs/thesis_v2/confirm/pdet_0p50/multi/bayes_qmix_independent/seed46/evaluation/final_test_posterior_sample_independent_summary.json,0.5681791654056488,0.55311583383618,0.5606474996209144,0.12145564728087214,224.27166633812894,218.24633366187103,221.259,1.47506,48.58225930316539,0.0025666666666666667,1.2683469765679574,1.0416530234320427,1.155,1.8278334169174169,independent,46
0.0,0.0,0.0,0.0,0.0,0.0,0.0,0.0,0.0,0.0,0.0,0.0,0.0,0.0,0.0,0.0,0.0,0.0,0.0,0.0,bayes_qmix_independent,,,,0.0,0.0,0.0,0.0,0.0,runs/thesis_v2/confirm/pdet_0p50/multi/bayes_qmix_independent/seed46/best.pt,0.11759555555555555,57.26106601979914,48.57493398020086,52.918,70.03628542405714,0.3369193553633949,0.2690806446366051,0.303,0.5469835463704552,0.425796243210852,0.336203756789148,0.381,0.7223842467828323,0.36364703828291245,0.3434757710998917,0.35356140469140207,0.16264093377289915,450.0,450.0,450.0,0.0,1.9667309959900632,1.8332690040099366,1.9,1.0761040841851683,0.15947368421052632,2.4630560052470023,2.2869439947529977,2.375,1.4199911971558135,0.5,150.0,150.0,150.0,0.0,runs/thesis_v2/confirm/pdet_0p50/multi/bayes_qmix_independent/seed46/evaluation/final_test_posterior_sample_shared_episodes.csv,150.0,150.0,150.0,0.0,1000,200000,shared,,58.36633103175428,46.55733309038313,52.461832061068705,48.6684184602518,34.530817677246446,29.01413237824745,31.772475027746946,42.21953034948211,False,memory_union,0.28926792895600156,0.23473207104399843,0.262,0.439722639853806,0.919520526134219,0.8824794738657811,0.901,0.298662016332844,,0.17839616628207414,0.13593716705125916,0.15716666666666665,0.3423469244299803,298.2529775841559,287.50502241584417,292.879,0.6508422222222222,86.66076597284379,0.8378177777777778,378.544771388976,375.4912286110239,377.018,24.62071639900025,0.2510441488540545,0.242087519534789,0.24656583419442177,0.07221730507686033,3,,,,,,posterior_sample_shared,,,,,2.5751402378082275,,0.05238012969493866,0.04674829915165901,0.025666050612926483,,-6.623569273837205,-7.101592220308273,-6.862580747072739,task_potential,0.0,0.0,0.0,0.0,-0.9714986796040176,-1.1452213203959831,-1.0583600000000004,1.4007257084811433,2.069785619836727,1.6022143801632736,1.836,3.770027055605835,-5.239411378745319,-5.541030115400159,-5.390220747072739,2.4319519704859105,-2.2499999999999964,-2.2499999999999964,-2.2499999999999964,0.0,3.8542991708706333,,1,multi,,,,,,,,,,18.585701931578857,16.668084081942407,17.626893006760632,15.461753337290562,0.11751262004507082,0.0,runs/thesis_v2/confirm/pdet_0p50/multi/bayes_qmix_independent/seed46/evaluation/final_test_posterior_sample_shared_summary.json,0.5297483344793005,0.512611664924057,0.5211799997016787,0.13817297212584148,208.8993338997311,202.04466610026893,205.472,1.3698133333333333,55.269188667828296,0.0024844444444444445,1.230991907377178,1.0050080926228222,1.118,1.822107570918907,independent,46
0.0,0.0,0.0,0.0,0.0,0.0,0.0,0.0,0.0,0.0,0.0,0.0,0.0,0.0,0.0,0.0,0.0,0.0,0.0,0.0,qmix_ddqn,,,,0.0,0.0,0.0,0.0,0.0,runs/thesis_v2/confirm/pdet_0p50/multi/qmix_ddqn/seed43/best.pt,0.10284444444444445,49.9487604905877,42.6112395094123,46.28,59.16243402700737,0.5465975277428156,0.4634024722571844,0.505,0.670801759091313,0.6978048399133782,0.5861951600866219,0.642,0.8999088842766251,0.35833355711254083,0.33951946215565726,0.34892650963409905,0.15169805367781983,450.0,450.0,450.0,0.0,2.355806829800023,2.2281931701999764,2.292,1.028948978326914,0.22033158813263526,2.980235113870694,2.8117648861293056,2.896,1.3583755003679947,0.5,150.0,150.0,150.0,0.0,runs/thesis_v2/confirm/pdet_0p50/multi/qmix_ddqn/seed43/evaluation/final_test_deterministic_episodes.csv,150.0,150.0,150.0,0.0,1000,200000,,,52.514262733024026,44.92051987567163,48.71739130434783,39.36813538911848,34.62650706623301,29.505292096946906,32.06589958158996,40.37277719474714,False,memory_union,0.444543746444188,0.383456253555812,0.414,0.4925484747717732,0.9687182867249177,0.9432817132750823,0.956,0.20509509989270833,,0.09404308655414344,0.06412358011252321,0.07908333333333332,0.2412409900447637,352.21904629697036,342.55895370302966,347.389,0.7719755555555555,77.88932968642109,0.7780155555555556,351.57833620949225,348.6356637905078,350.107,23.72676865904837,0.2960158721258262,0.28796579496065583,0.291990833543241,0.06490777476733262,3,,,,,,deterministic,,,,,,,,,,,-6.002542229021203,-6.48511284630147,-6.243827537661336,task_potential,0.0,0.0,0.0,0.0,-0.8522247901882463,-0.9989752098117544,-0.9256000000000003,1.183248680540148,3.4101375928948117,2.8218624071051885,3.116,4.743263011893816,-6.0311393570621314,-6.337315718260542,-6.184227537661337,2.468700098644008,-2.2499999999999964,-2.2499999999999964,-2.2499999999999964,0.0,3.890967042065283,,1,multi,,,,,,,,,,13.753182545903945,12.228404749153578,12.990793647528761,12.294283864744544,0.0866052909835251,0.0,runs/thesis_v2/confirm/pdet_0p50/multi/qmix_ddqn/seed43/evaluation/final_test_deterministic_summary.json,0.6368130247127405,0.6205769760180125,0.6286950003653765,0.1309112658383502,251.72520973436033,245.23079026563968,248.478,1.65652,52.36450626139809,0.0034755555555555555,1.6907816737513715,1.4372183262486287,1.564,2.0444813523238596,,43
0.0,0.0,0.0,0.0,0.0,0.0,0.0,0.0,0.0,0.0,0.0,0.0,0.0,0.0,0.0,0.0,0.0,0.0,0.0,0.0,qmix_ddqn,,,,0.0,0.0,0.0,0.0,0.0,runs/thesis_v2/confirm/pdet_0p50/multi/qmix_ddqn/seed44/best.pt,0.10952888888888888,53.321566751830325,45.25443324816967,49.288,65.04530003005597,0.4550695085315505,0.3769304914684495,0.416,0.6300349196671562,0.5690486639167734,0.4669513360832266,0.518,0.8232107871013352,0.32010365370827826,0.3011629017615956,0.31063327773493693,0.15271928902723492,450.0,450.0,450.0,0.0,2.1935763140462523,2.0664236859537475,2.13,1.0252316811335864,0.19530516431924883,2.7229033743220294,2.55509662567797,2.639,1.353025868193214,0.5,150.0,150.0,150.0,0.0,runs/thesis_v2/confirm/pdet_0p50/multi/qmix_ddqn/seed44/evaluation/final_test_deterministic_episodes.csv,150.0,150.0,150.0,0.0,1000,200000,,,63.86358834856693,54.89363708495909,59.37861271676301,42.502410735235465,25.102406889117088,21.024846557330424,23.063626723223756,31.925652337843083,False,memory_union,0.37549852161002606,0.3165014783899739,0.346,0.4756931784249171,0.9573769446732655,0.9286230553267344,0.943,0.23184261903282585,,0.09998290862805195,0.06801709137194806,0.084,0.25774039479893546,322.11462801480263,312.7153719851974,317.415,0.7053666666666667,75.78620438443926,0.79388,358.7294135355496,355.76258646445035,357.246,23.921527626805105,0.27092885701391933,0.26309614355828526,0.2670125002861023,0.06315517110755496,3,,,,,,deterministic,,,,,,,,,,,-7.05807944621767,-7.513728211971456,-7.285903829094563,task_potential,0.0,0.0,0.0,0.0,-0.9050886649633938,-1.066431335036607,-0.9857600000000004,1.3009060006011202,2.745027108666884,2.214972891333116,2.48,4.273827324541786,-6.381894383641079,-6.678393274548046,-6.530143829094563,2.3906706525770436,-2.2499999999999964,-2.2499999999999964,-2.2499999999999964,0.0,3.673896144563719,,1,multi,,,,,,,,,,12.801176776605192,11.32011253185819,12.060644654231691,11.941821480906723,0.08040429769487796,0.0,runs/thesis_v2/confirm/pdet_0p50/multi/qmix_ddqn/seed44/evaluation/final_test_deterministic_summary.json,0.6043142746771973,0.5881807235096294,0.5962474990934133,0.13008482824395134,238.7257102291748,232.27228977082518,235.499,1.5699933333333334,52.03393122761339,0.003033333333333333,1.492445268002921,1.237554731997079,1.365,2.0551824736504543,,44
0.0,0.0,0.0,0.0,0.0,0.0,0.0,0.0,0.0,0.0,0.0,0.0,0.0,0.0,0.0,0.0,0.0,0.0,0.0,0.0,qmix_ddqn,,,,0.0,0.0,0.0,0.0,0.0,runs/thesis_v2/confirm/pdet_0p50/multi/qmix_ddqn/seed45/best.pt,0.09066888888888888,44.7246639188578,36.877336081142204,40.801,63.273006874969994,0.41048288584198567,0.33751711415801433,0.374,0.588323040514308,0.5303621738440134,0.4316378261559865,0.481,0.796014447105076,0.32160144603939894,0.30251102227022314,0.31205623415481104,0.15392609298005025,450.0,450.0,450.0,0.0,2.2389394010546035,2.1150605989453966,2.177,0.9988348211791578,0.17179604960955444,2.8112589341203438,2.648741065879656,2.73,1.310381623802776,0.5,150.0,150.0,150.0,0.0,runs/thesis_v2/confirm/pdet_0p50/multi/qmix_ddqn/seed45/evaluation/final_test_deterministic_episodes.csv,150.0,150.0,150.0,0.0,1000,200000,,,58.95641626311015,49.37794906196725,54.1671826625387,43.84679816588745,22.60438786528358,18.96436213471642,20.784375,28.75594803733728,False,memory_union,0.3519980585729631,0.2940019414270369,0.323,0.46762271116788157,0.9721517531700206,0.9478482468299794,0.96,0.19595917942265426,,0.0906196068107197,0.06054705985594693,0.07558333333333332,0.24247495575144798,323.1754570108198,313.91854298918025,318.547,0.7078822222222222,74.63850072851142,0.80418,363.31044982742014,360.4515501725798,361.881,23.051308834857945,0.2718128816204379,0.26409878669509196,0.2679558341577649,0.062198749859757756,3,,,,,,deterministic,,,,,,,,,,,-7.181463278305467,-7.636259301845037,-7.408861290075252,task_potential,0.0,0.0,0.0,0.0,-0.7375467216228444,-0.8944932783771564,-0.8160200000000004,1.2654601374994003,2.613598769702592,2.0904012302974078,2.352,4.218541928202208,-6.554248974561939,-6.835433605588565,-6.694841290075252,2.267191770245044,-2.2499999999999964,-2.2499999999999964,-2.2499999999999964,0.0,3.6670204838167204,,1,multi,,,,,,,,,,11.623572535964932,10.096281994712157,10.859927265338545,12.31454412447419,0.07239951510225703,0.0,runs/thesis_v2/confirm/pdet_0p50/multi/qmix_ddqn/seed45/evaluation/final_test_deterministic_summary.json,0.6050659443959364,0.5895490559712281,0.5973075001835823,0.12511267635028786,239.02637767604168,232.81962232395833,235.923,1.57282,50.04507039659351,0.002908888888888889,1.4256992635302748,1.1923007364697251,1.309,1.881892398624321,,45
0.0,0.0,0.0,0.0,0.0,0.0,0.0,0.0,0.0,0.0,0.0,0.0,0.0,0.0,0.0,0.0,0.0,0.0,0.0,0.0,qmix_ddqn,,,,0.0,0.0,0.0,0.0,0.0,runs/thesis_v2/confirm/pdet_0p50/multi/qmix_ddqn/seed46/best.pt,0.08059777777777778,39.84751456339958,32.69048543660042,36.269,57.70712814722285,0.3691219100395149,0.30087808996048515,0.335,0.55024994320763,0.4716754468488798,0.3803245531511202,0.426,0.7365622852142241,0.2995494407506309,0.27989331319679617,0.28972137697371353,0.15848736277738093,450.0,450.0,450.0,0.0,2.1790089218978927,2.048991078102107,2.114,1.0483339162690481,0.1584673604541154,2.734247398537183,2.563752601462817,2.649,1.3746996035498082,0.5,150.0,150.0,150.0,0.0,runs/thesis_v2/confirm/pdet_0p50/multi/qmix_ddqn/seed46/evaluation/final_test_deterministic_episodes.csv,150.0,150.0,150.0,0.0,1000,200000,,,64.31926927604816,53.6537036969248,58.986486486486484,46.73140423429705,26.931582800499154,22.6306489591575,24.781115879828327,33.47738567368294,False,memory_union,0.32430776048548704,0.26769223951451293,0.296,0.45649096376598736,0.9476111803061317,0.9163888196938684,0.932,0.251745903640953,,0.10900288953955663,0.07516377712711005,0.09208333333333334,0.2728447742459682,308.80336973565915,298.01863026434086,303.411,0.6742466666666667,86.95735781979579,0.8133933333333333,367.6483294218535,364.4056705781465,366.027,26.1455592978999,0.259836141909518,0.25084885904654053,0.25534250047802926,0.0724644646096516,3,,,,,,deterministic,,,,,,,,,,,-6.840814474063764,-7.2738688550653645,-7.057341664564564,task_potential,0.0,0.0,0.0,0.0,-0.6538097087320088,-0.7969502912679919,-0.7253800000000004,1.1541425629444577,2.3094745021255387,1.8265254978744614,2.068,3.8940179763324156,-6.007115044924816,-6.292808284204315,-6.149961664564565,2.30354468003549,-2.2499999999999964,-2.2499999999999964,-2.2499999999999964,0.0,3.491717613052671,,1,multi,,,,,,,,,,11.39990683870297,9.92608484813721,10.66299584342009,11.883427183118156,0.07108663895613387,0.0,runs/thesis_v2/confirm/pdet_0p50/multi/qmix_ddqn/seed46/evaluation/final_test_deterministic_summary.json,0.5876336814064264,0.5700463168423892,0.5788399991244078,0.1418069261264439,232.05347292177805,225.01852707822195,228.536,1.5235733333333332,56.722770595238025,0.0026266666666666665,1.2925978531741313,1.0714021468258685,1.182,1.7835010513033065,,46
0.0,0.0,0.0,0.0,0.0,0.0,0.0,0.0,0.0,0.0,0.0,0.0,0.0,0.0,0.0,0.0,0.0,0.0,0.0,0.0,bayes_qmix_independent,,,,0.0,0.0,0.0,0.0,0.0,runs/thesis_v2/confirm/pdet_0p70/multi/bayes_qmix_independent/seed43/best.pt,0.05782222222222222,29.346769921089805,22.693230078910194,26.02,53.64749388368482,0.35053464683809915,0.28146535316190086,0.316,0.5569057370866276,0.44674590217676297,0.3552540978232371,0.401,0.7376984478769086,0.2809659381829271,0.2623817615676736,0.27167384987530036,0.14984422201543854,450.0,450.0,450.0,0.0,1.9653607798926365,1.8366392201073636,1.901,1.0378819778760975,0.16622830089426618,2.4533640942747734,2.284635905725227,2.369,1.360455438446993,0.7,150.0,150.0,150.0,0.0,runs/thesis_v2/confirm/pdet_0p70/multi/bayes_qmix_independent/seed43/evaluation/final_test_posterior_mean_episodes.csv,150.0,150.0,150.0,0.0,1000,200000,mean,,52.037032047956906,42.43183242090756,47.234432234432234,40.41148226272227,15.97951739599668,12.76993315345387,14.374725274725275,24.685654923263836,False,memory_union,0.30062624482268635,0.2453737551773137,0.273,0.44550084175004656,0.9277466048015384,0.8922533951984617,0.91,0.2861817604250837,,0.13630323612845857,0.09836343053820808,0.11733333333333333,0.305908664655173,265.9480061220361,258.70399387796397,262.326,0.5829466666666666,58.40847304972114,0.8526355555555556,384.70575411117267,382.6662458888273,383.686,16.44455545157728,0.22412333954837543,0.2180866626504399,0.22110500109940767,0.04867372776619447,3,,,,,,posterior_mean,,,,,2.722777843475342,,0.08441516757011414,0.04557366669178009,0.0022854343988001347,,-7.000821199812665,-7.424281708480753,-7.212551454146709,task_potential,0.0,0.0,0.0,0.0,-0.4538646015782042,-0.5869353984217964,-0.5204000000000003,1.072949877673697,2.1836962190353026,1.7043037809646973,1.944,3.8653413820773967,-6.241863784275679,-6.53043912401774,-6.3861514541467095,2.326783056990466,-2.2499999999999964,-2.2499999999999964,-2.2499999999999964,0.0,3.4143622173473425,,1,multi,,,,,,,,,,9.928684612786538,8.469300417903478,9.198992515345008,11.767015231893128,0.061326616768966745,0.0,runs/thesis_v2/confirm/pdet_0p70/multi/bayes_qmix_independent/seed43/evaluation/final_test_posterior_mean_summary.json,0.5177857834788309,0.5049192154315962,0.5113524994552135,0.10374314229580318,204.11431359992403,198.96768640007596,201.541,1.3436066666666666,41.497256764754944,0.0028266666666666666,1.3996900552737597,1.1443099447262404,1.272,2.059129913337184,independent,43
0.0,0.0,0.0,0.0,0.0,0.0,0.0,0.0,0.0,0.0,0.0,0.0,0.0,0.0,0.0,0.0,0.0,0.0,0.0,0.0,bayes_qmix_independent,,,,0.0,0.0,0.0,0.0,0.0,runs/thesis_v2/confirm/pdet_0p70/multi/bayes_qmix_independent/seed43/best.pt,0.06776666666666667,34.32723501904583,26.66276498095417,30.495,61.79862437789372,0.3300544480726348,0.2659455519273652,0.298,0.5169100502021604,0.4198226740759497,0.3341773259240503,0.377,0.6905584696461263,0.2629330558062415,0.24547109338911202,0.25420207459767674,0.14079580857566593,450.0,450.0,450.0,0.0,2.0566275970983905,1.9313724029016095,1.994,1.0099326710231726,0.14944834503510532,2.5703320142213917,2.4036679857786085,2.487,1.3438121148434405,0.7,150.0,150.0,150.0,0.0,runs/thesis_v2/confirm/pdet_0p70/multi/bayes_qmix_independent/seed43/evaluation/final_test_posterior_sample_independent_episodes.csv,150.0,150.0,150.0,0.0,1000,200000,independent,,56.83351646923192,46.67018723447179,51.75185185185185,42.5232125748015,17.818904992680057,14.410394370377267,16.11464968152866,26.6730940602256,False,memory_union,0.2975306610399623,0.24246933896003772,0.27,0.4439594576084623,0.9564948182933543,0.9275051817066456,0.942,0.23374344910606587,,0.09612872373792437,0.06437127626207563,0.08025,0.256060309193839,270.7255851120122,262.6104148879878,266.668,0.5925955555555555,65.43262012177107,0.8464955555555556,382.10353820641706,379.74246179358295,380.923,19.03735987473053,0.22810465528384294,0.22134201332613385,0.2247233343049884,0.0545271842762275,3,,,,,,posterior_sample_independent,,,,,2.722777843475342,,0.08441516757011414,0.04557366669178009,0.0022854343988001347,,-7.311238901568782,-7.740762675516015,-7.526000788542398,task_potential,0.0,0.0,0.0,0.0,-0.5332552996190837,-0.686544700380917,-0.6099000000000003,1.235972487557875,2.0502620328422467,1.5977379671577534,1.824,3.6487016869017945,-6.349883795030488,-6.630317782054309,-6.4901007885423985,2.2611393274094183,-2.2499999999999964,-2.2499999999999964,-2.2499999999999964,0.0,3.463250327239773,,1,multi,,,,,,,,,,9.981061504255294,8.492874365979429,9.236967935117361,11.999253373716817,0.061579786234115745,0.0,runs/thesis_v2/confirm/pdet_0p70/multi/bayes_qmix_independent/seed43/evaluation/final_test_posterior_sample_independent_summary.json,0.5345521795165451,0.5206278191793052,0.5275899993479252,0.11227212186973119,210.82087207306722,205.25112792693278,208.036,1.3869066666666667,44.908848838508426,0.0027,1.337035015405354,1.092964984594646,1.215,1.9679367367880503,independent,43
0.0,0.0,0.0,0.0,0.0,0.0,0.0,0.0,0.0,0.0,0.0,0.0,0.0,0.0,0.0,0.0,0.0,0.0,0.0,0.0,bayes_qmix_independent,,,,0.0,0.0,0.0,0.0,0.0,runs/thesis_v2/confirm/pdet_0p70/multi/bayes_qmix_independent/seed43/best.pt,0.10464222222222222,51.64898023891175,42.52901976108825,47.089,73.53424426075242,0.30645983982034114,0.2435401601796589,0.275,0.5073213971438618,0.38982436791335107,0.3061756320866489,0.348,0.6744597838270271,0.29440750489854,0.2755543358496844,0.2849809203741122,0.1520131080939359,450.0,450.0,450.0,0.0,1.963825141244253,1.8341748587557472,1.899,1.0453702693304416,0.14481305950500264,2.453310009725467,2.2826899902745326,2.368,1.3757092716122836,0.7,150.0,150.0,150.0,0.0,runs/thesis_v2/confirm/pdet_0p70/multi/bayes_qmix_independent/seed43/evaluation/final_test_posterior_sample_shared_episodes.csv,150.0,150.0,150.0,0.0,1000,200000,shared,,57.55091442831356,46.48957140164595,52.020242914979754,44.257751615718625,18.265571446983483,14.66307838836229,16.464324917672887,27.72284404320622,False,memory_union,0.27374356453137544,0.22025643546862453,0.247,0.4312667388055796,0.928657431049597,0.8933425689504031,0.911,0.2847437444440176,,0.1416470566079073,0.10351961005875931,0.12258333333333331,0.3074216137670075,270.87693163275605,261.72906836724394,266.303,0.5917844444444444,73.75922444684461,0.8469955555555555,382.5085590386644,379.7874409613357,381.148,21.940375931145756,0.2282307767440497,0.2206075573618592,0.22441916705295445,0.06146602032611891,3,,,,,,posterior_sample_shared,,,,,2.722777843475342,,0.08441516757011414,0.04557366669178009,0.0022854343988001347,,-7.571409247512797,-8.021548917682452,-7.7964790825976245,task_potential,0.0,0.0,0.0,0.0,-0.8505803952217653,-1.0329796047782354,-0.9417800000000004,1.470684885215049,1.9041557361018298,1.4638442638981701,1.684,3.550231541744848,-6.138409991558409,-6.438988173636839,-6.288699082597624,2.4235619786022524,-2.2499999999999964,-2.2499999999999964,-2.2499999999999964,0.0,3.6294763051001104,,1,multi,,,,,,,,,,15.505455325499623,13.492017566496228,14.498736445997926,16.234349297280247,0.09665824297331947,0.0,runs/thesis_v2/confirm/pdet_0p70/multi/bayes_qmix_independent/seed43/evaluation/final_test_posterior_sample_shared_summary.json,0.5190099137957679,0.5030100871090307,0.5110100004523993,0.12900660771207875,204.60396534375226,198.20403465624773,201.404,1.3426933333333333,51.60264318811586,0.0024555555555555554,1.2197797889872601,0.9902202110127398,1.105,1.8509389509111314,independent,43
0.0,0.0,0.0,0.0,0.0,0.0,0.0,0.0,0.0,0.0,0.0,0.0,0.0,0.0,0.0,0.0,0.0,0.0,0.0,0.0,bayes_qmix_independent,,,,0.0,0.0,0.0,0.0,0.0,runs/thesis_v2/confirm/pdet_0p70/multi/bayes_qmix_independent/seed44/best.pt,0.08422,41.96844317296315,33.82955682703685,37.899,65.62384322028085,0.42730504934598945,0.3526949506540106,0.39,0.6015812497078014,0.5743077046099478,0.46969229539005214,0.522,0.8435140781279231,0.312775933831385,0.29462489783716717,0.3037004158342761,0.14635180904896392,450.0,450.0,450.0,0.0,2.209573808615653,2.0764261913843467,2.143,1.0735692804844967,0.18198786747550164,2.76021561854231,2.58578438145769,2.673,1.4064391206163174,0.7,150.0,150.0,150.0,0.0,runs/thesis_v2/confirm/pdet_0p70/multi/bayes_qmix_independent/seed44/evaluation/final_test_posterior_mean_episodes.csv,150.0,150.0,150.0,0.0,1000,200000,mean,,45.27726473059898,37.13590892209563,41.206586826347305,37.89943932994126,16.744643117132878,13.842843627299786,15.293743372216332,22.719919296926445,False,memory_union,0.36324715826651655,0.3047528417334835,0.334,0.47163969298607605,0.9573769446732655,0.9286230553267344,0.943,0.23184261903282585,,0.10469224421531133,0.07230775578468863,0.08849999999999998,0.2611161406134996,298.58604044421,289.72195955578997,294.154,0.6536755555555556,71.47108704923971,0.8325488888888889,375.9045871909368,373.3894128090632,374.647,20.27985184857128,0.2513217013563216,0.24393496727094058,0.24762833431363107,0.05955923930201759,3,,,,,,posterior_mean,,,,,2.781224012374878,,0.06544821709394455,0.042205385863780975,0.0024206857196986675,,-7.393971988912897,-7.872257508249888,-7.633114748581392,task_potential,0.0,0.0,0.0,0.0,-0.6765911365407373,-0.8393688634592633,-0.7579800000000003,1.3124768644056177,2.89775781745694,2.3342421825430604,2.616,4.543626745233372,-7.082805016639985,-7.399464480522801,-7.241134748581393,2.5532253589540765,-2.2499999999999964,-2.2499999999999964,-2.2499999999999964,0.0,3.8564162959728785,,1,multi,,,,,,,,,,11.652166608594579,10.141664528817044,10.896915568705811,12.179178754209218,0.07264610379137214,0.0,runs/thesis_v2/confirm/pdet_0p70/multi/bayes_qmix_independent/seed44/evaluation/final_test_posterior_mean_summary.json,0.5618850322178067,0.5475049680361092,0.5546950001269579,0.1159464621139016,221.7540128254578,216.00198717454217,218.878,1.4591866666666666,46.378584670082375,0.003266666666666667,1.6080661349412577,1.3319338650587422,1.47,2.226454580717963,independent,44
0.0,0.0,0.0,0.0,0.0,0.0,0.0,0.0,0.0,0.0,0.0,0.0,0.0,0.0,0.0,0.0,0.0,0.0,0.0,0.0,bayes_qmix_independent,,,,0.0,0.0,0.0,0.0,0.0,runs/thesis_v2/confirm/pdet_0p70/multi/bayes_qmix_independent/seed44/best.pt,0.09786666666666667,48.710139910133336,39.36986008986666,44.04,75.31067918960764,0.4062171429221224,0.3337828570778776,0.37,0.5840376700179535,0.5379898569251342,0.4380101430748657,0.488,0.8061364648742793,0.27963906229066027,0.26189220016437176,0.270765631227516,0.14309295502208552,450.0,450.0,450.0,0.0,2.1546807271178787,2.0213192728821214,2.088,1.075293448320039,0.1772030651340996,2.685706406192976,2.510293593807024,2.598,1.4143535625861023,0.7,150.0,150.0,150.0,0.0,runs/thesis_v2/confirm/pdet_0p70/multi/bayes_qmix_independent/seed44/evaluation/final_test_posterior_sample_independent_episodes.csv,150.0,150.0,150.0,0.0,1000,200000,independent,,42.72297215254065,34.408277847459345,38.565625,37.88397673633769,14.161486183976317,11.8813862704717,13.021436227224008,17.757252379947786,False,memory_union,0.3489269585150069,0.29107304148499313,0.32,0.46647615158762396,0.9485042781270281,0.917495721872972,0.933,0.25002199903208516,,0.10782900317815028,0.07417099682184972,0.091,0.27138451605711694,279.6613656475327,270.54263435246725,275.102,0.6113377777777778,73.5243333597796,0.8426777777777777,380.47521454319565,377.9347854568043,379.205,20.483480539205246,0.23555113887211157,0.22795219602266478,0.23175166744738818,0.06127027863481189,3,,,,,,posterior_sample_independent,,,,,2.781224012374878,,0.06544821709394455,0.042205385863780975,0.0024206857196986675,,-7.5398579416742955,-8.001689635537625,-7.77077378860596,task_potential,0.0,0.0,0.0,0.0,-0.7873972017973336,-0.9742027982026671,-0.8808000000000004,1.5062135837921533,2.6919321499099267,2.156067850090073,2.424,4.32067402149248,-6.905107500828626,-7.222840076383294,-7.06397378860596,2.5618778587087503,-2.2499999999999964,-2.2499999999999964,-2.2499999999999964,0.0,3.723749095896067,,1,multi,,,,,,,,,,11.993447282712678,10.349265539290036,11.171356411001357,13.257037925099006,0.07447570940667574,0.0,runs/thesis_v2/confirm/pdet_0p70/multi/bayes_qmix_independent/seed44/evaluation/final_test_posterior_sample_independent_summary.json,0.5436227328591905,0.528262266505424,0.5359424996823072,0.12385144514206199,214.4490932687478,208.30490673125223,211.377,1.40918,49.540578024484134,0.002982222222222222,1.4672118984646314,1.2167881015353688,1.342,2.0191671550418997,independent,44
0.0,0.0,0.0,0.0,0.0,0.0,0.0,0.0,0.0,0.0,0.0,0.0,0.0,0.0,0.0,0.0,0.0,0.0,0.0,0.0,bayes_qmix_independent,,,,0.0,0.0,0.0,0.0,0.0,runs/thesis_v2/confirm/pdet_0p70/multi/bayes_qmix_independent/seed44/best.pt,0.12521555555555555,61.66322513639956,51.03077486360044,56.347,85.7294499632419,0.3810946527130423,0.3109053472869576,0.346,0.565936392185553,0.4979338466394431,0.4020661533605569,0.45,0.7729812416870153,0.297461969332045,0.2778533910768985,0.28765768020447174,0.15810397276679164,450.0,450.0,450.0,0.0,2.0765354656934982,1.945464534306502,2.011,1.056824961855084,0.1720537046245649,2.5960130948896296,2.42398690511037,2.51,1.3870472234210343,0.7,150.0,150.0,150.0,0.0,runs/thesis_v2/confirm/pdet_0p70/multi/bayes_qmix_independent/seed44/evaluation/final_test_posterior_sample_shared_episodes.csv,150.0,150.0,150.0,0.0,1000,200000,shared,,39.48035114177485,31.833180211360474,35.65676567656766,33.90144440541547,14.51064529765695,12.115292537284102,13.312968917470526,18.654833173326697,False,memory_union,0.33149778007264896,0.274502219927351,0.303,0.4595552197505758,0.9485042781270281,0.917495721872972,0.933,0.25002199903208516,,0.1199459764274524,0.08488735690588091,0.10241666666666666,0.28267766045837833,280.32335969934076,270.4666403006592,275.395,0.6119888888888889,79.47473167617491,0.8421088888888889,380.35992856779563,377.5380714322044,378.949,22.75263499025992,0.2361028005741567,0.22788886762782626,0.23199583410099148,0.06622894398343408,3,,,,,,posterior_sample_shared,,,,,2.781224012374878,,0.06544821709394455,0.042205385863780975,0.0024206857196986675,,-7.8356728859291005,-8.299533445412,-8.067603165670551,task_potential,0.0,0.0,0.0,0.0,-1.0206154972720092,-1.2332645027279914,-1.1269400000000003,1.7145889992648384,2.4715101762368,1.9604898237632002,2.216,4.120357266063223,-6.7500073338101645,-7.063318997530939,-6.906663165670552,2.526232045172685,-2.2499999999999964,-2.2499999999999964,-2.2499999999999964,0.0,3.7401078400380583,,1,multi,,,,,,,,,,16.569146424996145,14.431478739551101,15.500312582273622,17.236015234064602,0.10333541721515753,0.0,runs/thesis_v2/confirm/pdet_0p70/multi/bayes_qmix_independent/seed44/evaluation/final_test_posterior_sample_shared_summary.json,0.53343959543094,0.5168804051132504,0.5251600002720952,0.1335167568480378,210.37583806732613,203.75216193267386,207.064,1.3804266666666667,53.406702800304004,0.0028777777777777777,1.4208389773011851,1.1691610226988147,1.295,2.029279428762831,independent,44
0.0,0.0,0.0,0.0,0.0,0.0,0.0,0.0,0.0,0.0,0.0,0.0,0.0,0.0,0.0,0.0,0.0,0.0,0.0,0.0,bayes_qmix_independent,,,,0.0,0.0,0.0,0.0,0.0,runs/thesis_v2/confirm/pdet_0p70/multi/bayes_qmix_independent/seed45/best.pt,0.0587,29.569179314177617,23.26082068582238,26.415,50.864297645794736,0.4102003265832156,0.3357996734167844,0.373,0.5998924903680659,0.5411323611654925,0.4388676388345076,0.49,0.8245604889879212,0.2971040793263822,0.27808788781886257,0.2875959835726224,0.1533275582304844,450.0,450.0,450.0,0.0,2.215523189739918,2.082476810260082,2.149,1.0727530004618957,0.17356910190786412,2.795789265284405,2.6242107347155947,2.71,1.3834377470634522,0.7,150.0,150.0,150.0,0.0,runs/thesis_v2/confirm/pdet_0p70/multi/bayes_qmix_independent/seed45/evaluation/final_test_posterior_mean_episodes.csv,150.0,150.0,150.0,0.0,1000,200000,mean,,48.84867184771892,39.86470394845942,44.35668789808917,40.546586045996456,21.790353191481714,17.99665426325737,19.89350372736954,29.640001005547866,False,memory_union,0.34278062422413264,0.28521937577586737,0.314,0.46411636471902173,0.9538412691394526,0.9241587308605473,0.939,0.23933031567271204,,0.1060170406261543,0.07348295937384566,0.08974999999999998,0.26232230758278174,302.3040144293485,291.83198557065145,297.068,0.6601511111111111,84.43597204983193,0.8269777777777778,373.6779095656351,370.60209043436487,372.14,24.800330642957164,0.2544200121667616,0.24569332143101777,0.25005666679888966,0.07036331020410037,3,,,,,,posterior_mean,,,,,2.7403292655944824,,0.08179418742656708,0.04444991797208786,0.002313334960490465,,-6.810754108608287,-7.266948300827631,-7.038851204717959,task_potential,0.0,0.0,0.0,0.0,-0.46521641371644784,-0.5913835862835526,-0.5283000000000002,1.0172859529158953,2.7004621382180694,2.1555378617819305,2.428,4.393724615858394,-6.532364610247366,-6.844737799188555,-6.68855120471796,2.5186651227235872,-2.2499999999999964,-2.2499999999999964,-2.2499999999999964,0.0,3.6782939183306316,,1,multi,,,,,,,,,,9.738510625306008,8.32766229539241,9.033086460349208,11.375670537061392,0.06022057640232801,0.0,runs/thesis_v2/confirm/pdet_0p70/multi/bayes_qmix_independent/seed45/evaluation/final_test_posterior_mean_summary.json,0.576414315491951,0.5595856841504212,0.5679999998211861,0.13568925990976866,227.56572624501106,220.8342737549889,224.2,1.4946666666666666,54.275703588253926,0.003308888888888889,1.6251700137293048,1.3528299862706954,1.489,2.1958777288364666,independent,45
0.0,0.0,0.0,0.0,0.0,0.0,0.0,0.0,0.0,0.0,0.0,0.0,0.0,0.0,0.0,0.0,0.0,0.0,0.0,0.0,bayes_qmix_independent,,,,0.0,0.0,0.0,0.0,0.0,runs/thesis_v2/confirm/pdet_0p70/multi/bayes_qmix_independent/seed45/best.pt,0.06685333333333333,33.58250336736752,26.58549663263248,30.084,56.416867548633,0.37647290354290863,0.3075270964570914,0.342,0.5559100646687376,0.49745006120447377,0.40254993879552625,0.45,0.7651797174520506,0.273402244020917,0.254998277445247,0.264200260733082,0.14839118840841878,450.0,450.0,450.0,0.0,2.1335500453855683,2.002449954614432,2.068,1.0570600739787688,0.1653771760154739,2.6857915064711104,2.5142084935288898,2.6,1.3834738884417008,0.7,150.0,150.0,150.0,0.0,runs/thesis_v2/confirm/pdet_0p70/multi/bayes_qmix_independent/seed45/evaluation/final_test_posterior_sample_independent_episodes.csv,150.0,150.0,150.0,0.0,1000,200000,independent,,46.2786207524379,37.223040377130204,41.75083056478405,40.01205434198104,21.1075117740327,17.19885284301153,19.153182308522116,30.342209450515167,False,memory_union,0.3294442942657447,0.2725557057342553,0.301,0.4586927075940929,0.9431314952418782,0.9108685047581219,0.927,0.2601365026289083,,0.1068781733299898,0.07312182667001019,0.09,0.27217743395725436,286.39568870187156,276.23431129812843,281.315,0.6251444444444444,81.93118926880044,0.8354155555555556,377.44589666930784,374.4281033306922,375.937,24.33246865815304,0.2411630740503747,0.2326952595372718,0.23692916679382325,0.06827599113783174,3,,,,,,posterior_sample_independent,,,,,2.7403292655944824,,0.08179418742656708,0.04444991797208786,0.002313334960490465,,-6.9355570002266544,-7.37991091385378,-7.157733957040217,task_potential,0.0,0.0,0.0,0.0,-0.5317099326526499,-0.6716500673473508,-0.6016800000000003,1.1283373509726606,2.486732650527656,1.9772673494723443,2.232,4.1078188859783,-6.3852248675061025,-6.690883046574334,-6.538053957040218,2.464521995961998,-2.2499999999999964,-2.2499999999999964,-2.2499999999999964,0.0,3.5828257482401216,,1,multi,,,,,,,,,,10.072548659121052,8.677983416614248,9.37526603786765,11.24437999807256,0.06250177358578432,0.0,runs/thesis_v2/confirm/pdet_0p70/multi/bayes_qmix_independent/seed45/evaluation/final_test_posterior_sample_independent_summary.json,0.5579557725819229,0.5413142289040209,0.5496350007429719,0.13418077201787038,220.18230870745288,213.52569129254715,216.854,1.4456933333333333,53.67230835356348,0.00318,1.5819730910348484,1.2800269089651517,1.431,2.4345921629710383,independent,45
0.0,0.0,0.0,0.0,0.0,0.0,0.0,0.0,0.0,0.0,0.0,0.0,0.0,0.0,0.0,0.0,0.0,0.0,0.0,0.0,bayes_qmix_independent,,,,0.0,0.0,0.0,0.0,0.0,runs/thesis_v2/confirm/pdet_0p70/multi/bayes_qmix_independent/seed45/best.pt,0.08461156962301203,41.92292008666483,34.16707991333517,38.045,62.53534180765306,0.38206733518111735,0.3099326648188826,0.346,0.5816218702903115,0.5025236357318008,0.4034763642681992,0.453,0.7986181816112127,0.30563681347408894,0.28529261303775605,0.2954647132559225,0.16403529464987648,450.3252904133356,448.96070958666434,449.643,11.002615643564035,2.112552027270117,1.9754479727298833,2.044,1.1054700357766374,0.16927592954990214,2.656079284778093,2.477920715221907,2.567,1.436492603531254,0.7,150.10843013777856,149.65356986222145,149.881,3.667538547854677,runs/thesis_v2/confirm/pdet_0p70/multi/bayes_qmix_independent/seed45/evaluation/final_test_posterior_sample_shared_episodes.csv,150.10843013777856,149.65356986222145,149.881,3.667538547854677,1000,200000,shared,,49.700237706652835,40.51238687806477,45.1063122923588,40.59649093744477,19.365719743550734,15.880181895793527,17.62295081967213,26.88170641768381,False,memory_union,0.3294442942657447,0.2725557057342553,0.301,0.4586927075940929,0.9322939156792069,0.8977060843207931,0.915,0.27888169534768686,,0.14172393902863245,0.10377606097136752,0.12274999999999998,0.305973752959302,293.89324030463814,282.3507596953619,288.122,0.6407794628182802,93.067024858432,0.8321068047317539,375.96267898470506,372.33932101529496,374.151,29.215136470672185,0.24741103370026013,0.23779229987874367,0.2426016667895019,0.07755585389108531,3,,,,,,posterior_sample_shared,,,,,2.7403292655944824,,0.08179418742656708,0.04444991797208786,0.002313334960490465,,-7.071251219705873,-7.542122695804045,-7.306686957754959,task_potential,0.0,0.0,0.0,0.0,-0.6833415982667037,-0.838458401733297,-0.7609000000000004,1.2507068361530616,2.503490436733955,1.9765095632660454,2.24,4.24904695196464,-6.379205755805622,-6.695938159704293,-6.537571957754958,2.55381347432534,-2.2448035479333184,-2.2516264520666747,-2.2482149999999965,0.05501307821782004,3.7966368629579126,,1,multi,,,,,,,,,,13.124470576588516,11.40903633544327,12.266753456015893,13.831546837112768,0.08184328537984054,0.0,runs/thesis_v2/confirm/pdet_0p70/multi/bayes_qmix_independent/seed45/evaluation/final_test_posterior_sample_shared_summary.json,0.5524940789450746,0.5340259199629683,0.5432599994540215,0.14890877180212483,217.9976318031162,210.6103681968838,214.304,1.429827663279535,59.56350882881229,0.0030957893261987844,1.527099134541098,1.2569008654589018,1.392,2.1786087303598136,independent,45
0.0,0.0,0.0,0.0,0.0,0.0,0.0,0.0,0.0,0.0,0.0,0.0,0.0,0.0,0.0,0.0,0.0,0.0,0.0,0.0,bayes_qmix_independent,,,,0.0,0.0,0.0,0.0,0.0,runs/thesis_v2/confirm/pdet_0p70/multi/bayes_qmix_independent/seed46/best.pt,0.06367777777777778,31.954545728304605,25.355454271695397,28.655,53.208476533349454,0.3231573951457718,0.25684260485422816,0.29,0.534696175411794,0.4279085651916716,0.3360914348083284,0.382,0.7403215517597742,0.31044664123637766,0.2918987079512678,0.30117267459382274,0.14955199203285446,450.0,450.0,450.0,0.0,2.2501764283817627,2.115823571618237,2.183,1.0832871272197413,0.13284470911589555,2.820530755199627,2.6434692448003734,2.732,1.4276470151966838,0.7,150.0,150.0,150.0,0.0,runs/thesis_v2/confirm/pdet_0p70/multi/bayes_qmix_independent/seed46/evaluation/final_test_posterior_mean_episodes.csv,150.0,150.0,150.0,0.0,1000,200000,mean,,54.470340978190144,43.21890204969831,48.844621513944226,45.38287495959004,20.38177938744036,16.657877632924055,18.519828510182208,29.00147616401483,False,memory_union,0.277887541693102,0.224112458306898,0.251,0.43358851460803244,0.9485042781270281,0.917495721872972,0.933,0.25002199903208516,,0.1186535039241157,0.08434649607588432,0.1015,0.27661741529492395,314.46625802017667,304.5737419798233,309.52,0.6878222222222222,79.763360009468,0.8167511111111111,368.99282906911776,366.08317093088226,367.538,23.460574502769536,0.2645552154307226,0.256311452137961,0.2604333337843418,0.06646946607628493,3,,,,,,posterior_mean,,,,,2.880112648010254,,0.06177031621336937,0.03761642426252365,0.002923870924860239,,-7.511201254113618,-7.94421457046023,-7.727707912286924,task_potential,0.0,0.0,0.0,0.0,-0.5071090854339081,-0.6390909145660925,-0.5731000000000003,1.0641695306669898,2.141218143685153,1.6507818563148469,1.896,3.9543879425266306,-6.644857155568799,-6.95635866900505,-6.8006079122869245,2.5116368028474096,-2.2499999999999964,-2.2499999999999964,-2.2499999999999964,0.0,3.491386508726314,,1,multi,,,,,,,,,,9.782762215270514,8.448776536888134,9.115769376079324,10.755926953087593,0.060771795840528844,0.0,runs/thesis_v2/confirm/pdet_0p70/multi/bayes_qmix_independent/seed46/evaluation/final_test_posterior_mean_summary.json,0.5927970795739772,0.5769379208575605,0.5848675002157688,0.12787240182222157,234.1188317477416,227.7751682522584,230.947,1.5396466666666666,51.148960800782646,0.0027444444444444443,1.3624754377408732,1.107524562259127,1.235,2.0556689908640444,independent,46
0.0,0.0,0.0,0.0,0.0,0.0,0.0,0.0,0.0,0.0,0.0,0.0,0.0,0.0,0.0,0.0,0.0,0.0,0.0,0.0,bayes_qmix_independent,,,,0.0,0.0,0.0,0.0,0.0,runs/thesis_v2/confirm/pdet_0p70/multi/bayes_qmix_independent/seed46/best.pt,0.07449333333333333,37.11978112153367,29.92421887846633,33.522,58.017820676064694,0.29285788778636335,0.2331421122136367,0.263,0.48148831761528754,0.3731934563272622,0.29280654367273784,0.333,0.6481597025425139,0.28827713430049007,0.27013064334016246,0.27920388882032626,0.1463151624392483,450.0,450.0,450.0,0.0,2.1723040756462684,2.0376959243537316,2.105,1.0853455670891183,0.12494061757719715,2.717426077067263,2.540573922932737,2.629,1.4259589755669693,0.7,150.0,150.0,150.0,0.0,runs/thesis_v2/confirm/pdet_0p70/multi/bayes_qmix_independent/seed46/evaluation/final_test_posterior_sample_independent_episodes.csv,150.0,150.0,150.0,0.0,1000,200000,independent,,47.59200759215177,37.12635975478701,42.35918367346939,41.703736035679235,19.571868426491164,15.970248204178384,17.771058315334773,27.94362313348026,False,memory_union,0.2716704194056125,0.2183295805943875,0.245,0.4300872004605578,0.9422328464449001,0.9097671535551,0.926,0.26177089219391836,,0.10950850971526363,0.07515815695140299,0.09233333333333331,0.27696690536355906,301.9612679710743,291.85473202892575,296.908,0.6597955555555556,81.4890025463559,0.8229488888888888,371.79669464907346,368.85730535092654,370.327,23.700296854680957,0.25413439078513905,0.2457122775476761,0.24992333416640758,0.06790750173767392,3,,,,,,posterior_sample_independent,,,,,2.880112648010254,,0.06177031621336937,0.03761642426252365,0.002923870924860239,,-7.853939937961875,-8.26267905174015,-8.058309494851013,task_potential,0.0,0.0,0.0,0.0,-0.5984843775693268,-0.7423956224306737,-0.6704400000000003,1.1603564135212947,1.825174534951884,1.3988254650481162,1.612,3.4376526875180398,-6.595057904531985,-6.904681085170044,-6.749869494851015,2.496491804892536,-2.2499999999999964,-2.2499999999999964,-2.2499999999999964,0.0,3.2956636056243345,,1,multi,,,,,,,,,,10.374303623258106,8.919394850499101,9.646849236878603,11.73092990186998,0.06431232824585731,0.0,runs/thesis_v2/confirm/pdet_0p70/multi/bayes_qmix_independent/seed46/evaluation/final_test_posterior_sample_independent_summary.json,0.5809802905021617,0.5647347084583332,0.5728574994802474,0.13098813323520908,229.39211639885292,222.89388360114708,226.143,1.50762,52.39525313422963,0.0024244444444444443,1.2034228562571196,0.9785771437428802,1.091,1.8129310521914506,independent,46
0.0,0.0,0.0,0.0,0.0,0.0,0.0,0.0,0.0,0.0,0.0,0.0,0.0,0.0,0.0,0.0,0.0,0.0,0.0,0.0,bayes_qmix_independent,,,,0.0,0.0,0.0,0.0,0.0,runs/thesis_v2/confirm/pdet_0p70/multi/bayes_qmix_independent/seed46/best.pt,0.10319333333333333,50.58167835076751,42.292321649232484,46.437,66.83708574586417,0.3184720883671334,0.25352791163286653,0.286,0.5236449178594211,0.40765127260458733,0.32034872739541265,0.364,0.7039204500509982,0.3057083470961612,0.2857361201167798,0.2957222336064705,0.1610360725470509,450.0,450.0,450.0,0.0,2.1203673519273667,1.985632648072633,2.053,1.0863659604387463,0.13930832927423284,2.6279691674077594,2.4520308325922406,2.54,1.4185908501044266,0.7,150.0,150.0,150.0,0.0,runs/thesis_v2/confirm/pdet_0p70/multi/bayes_qmix_independent/seed46/evaluation/final_test_posterior_sample_shared_episodes.csv,150.0,150.0,150.0,0.0,1000,200000,shared,,51.37684228723581,40.353316442922925,45.86507936507937,44.55242198083939,19.33748850729754,15.678762846981986,17.508125677139763,28.340613008090457,False,memory_union,0.2789230586056764,0.22507694139432363,0.252,0.43416126036301306,0.9395317770748718,0.9064682229251283,0.923,0.26659144772479104,,0.13244847572455598,0.09538485760877732,0.11391666666666665,0.29884396476719716,294.30876945958244,283.0412305404176,288.675,0.6415,90.85016992279101,0.8288222222222222,374.65368794176516,371.2863120582349,372.97,27.151152830036516,0.24775730864179277,0.23836769287067508,0.24306250075623392,0.07570847497715912,3,,,,,,posterior_sample_shared,,,,,2.880112648010254,,0.06177031621336937,0.03761642426252365,0.002923870924860239,,-7.764852845256755,-8.222346232873507,-7.993599539065131,task_potential,0.0,0.0,0.0,0.0,-0.8458464329846501,-1.011633567015351,-0.9287400000000005,1.3367417149172842,1.9981140164835298,1.5378859835164702,1.768,3.7108187775745662,-6.426113476490497,-6.739605601639767,-6.582859539065132,2.527687105728589,-2.2499999999999964,-2.2499999999999964,-2.2499999999999964,0.0,3.6887693312370486,,1,multi,,,,,,,,,,15.277316563951345,13.458467378881906,14.367891971416626,14.665381563176023,0.09578594647611077,0.0,runs/thesis_v2/confirm/pdet_0p70/multi/bayes_qmix_independent/seed46/evaluation/final_test_posterior_sample_shared_summary.json,0.5527273046972238,0.5351176943479098,0.5439224995225668,0.14198629390027287,218.09092207756828,211.0470779224317,214.569,1.43046,56.794517684368095,0.002533333333333333,1.2652328419573105,1.0147671580426894,1.14,2.0195048898182937,independent,46
0.0,0.0,0.0,0.0,0.0,0.0,0.0,0.0,0.0,0.0,0.0,0.0,0.0,0.0,0.0,0.0,0.0,0.0,0.0,0.0,qmix_ddqn,,,,0.0,0.0,0.0,0.0,0.0,runs/thesis_v2/confirm/pdet_0p70/multi/qmix_ddqn/seed43/best.pt,0.10070717711430845,49.0895155834836,41.5384844165164,45.314,60.88396672359645,0.49250249552563424,0.4134975044743658,0.453,0.6370172682117808,0.6245021601691055,0.5194978398308944,0.572,0.8466498685997652,0.3131954706129305,0.29488550404929303,0.3040404873311118,0.14763326628122142,450.04032,449.87568000000005,449.958,1.3274923728594454,2.3358476790322973,2.2061523209677025,2.271,1.045733713714921,0.19947159841479525,2.9351349637815964,2.7668650362184035,2.851,1.3567604799668953,0.7,150.01344,149.95855999999998,149.986,0.4424974576198149,runs/thesis_v2/confirm/pdet_0p70/multi/qmix_ddqn/seed43/evaluation/final_test_deterministic_episodes.csv,150.01344,149.95855999999998,149.986,0.4424974576198149,1000,200000,,,63.96262514781376,55.190006431133604,59.57631578947368,43.5675152656953,26.756973453947644,22.52513180921025,24.641052631578948,33.25649281992075,False,memory_union,0.4100996170564834,0.3499003829435166,0.38,0.48538644398046393,0.9635151270307999,0.9364848729692,0.95,0.21794494717703372,,0.09935041520858387,0.06764958479141614,0.0835,0.25560380583151643,325.80728958089685,315.6387104191032,320.723,0.712784304312847,81.98925704627406,0.7977011187710853,360.5044954931947,357.3595045068053,358.932,25.358063332991343,0.2740060752440019,0.2655322592299657,0.2697691672369838,0.0683243812417833,3,,,,,,deterministic,,,,,,,,,,,-6.666645301028885,-7.148754360218953,-6.907699830623919,task_potential,0.0,0.0,0.0,0.0,-0.8307696883303284,-0.9817903116696725,-0.9062800000000004,1.2176793344719297,3.0399365666874094,2.48806343331259,2.764,4.44975325158598,-6.372045642468154,-6.659214018779687,-6.51562983062392,2.3154387103983924,-2.2493783999999963,-2.2502015999999965,-2.2497899999999964,0.0066374618642972795,3.8872454990358247,,1,multi,,,,,,,,,,12.218297868540311,10.748484557970492,11.483391213255402,11.851105195023841,0.07656308730985158,0.0,runs/thesis_v2/confirm/pdet_0p70/multi/qmix_ddqn/seed43/evaluation/final_test_deterministic_summary.json,0.612630081946761,0.596014916693061,0.604322499319911,0.13396808277506142,242.0520330545657,235.40596694543433,238.729,1.5916752230208153,53.58723317171731,0.0033692033478680233,1.6447058450302277,1.3872941549697724,1.516,2.0755105396022446,,43
0.0,0.0,0.0,0.0,0.0,0.0,0.0,0.0,0.0,0.0,0.0,0.0,0.0,0.0,0.0,0.0,0.0,0.0,0.0,0.0,qmix_ddqn,,,,0.0,0.0,0.0,0.0,0.0,runs/thesis_v2/confirm/pdet_0p70/multi/qmix_ddqn/seed44/best.pt,0.08338444444444444,41.366804107939664,33.67919589206034,37.523,61.98518751282439,0.48102125799486434,0.40097874200513567,0.441,0.6453828321236939,0.6159236186308583,0.5080763813691418,0.562,0.8695723086667376,0.2679775987349167,0.2478986706607235,0.2579381346978201,0.16189640350877615,450.0,450.0,450.0,0.0,2.1253033959689,1.9966966040311,2.061,1.0369566046850756,0.21397379912663755,2.666601627152892,2.497398372847108,2.582,1.3642858937920601,0.7,150.0,150.0,150.0,0.0,runs/thesis_v2/confirm/pdet_0p70/multi/qmix_ddqn/seed44/evaluation/final_test_deterministic_episodes.csv,150.0,150.0,150.0,0.0,1000,200000,,,55.75837258256538,46.462013092365744,51.11019283746556,45.121250553125904,21.119460260822333,17.547914872015074,19.333687566418703,27.934058189098653,False,memory_union,0.3928192252715558,0.33318077472844415,0.363,0.48086484587667655,0.955611477874797,0.9263885221252028,0.941,0.23562470159132295,,0.0981784071621112,0.06532159283788881,0.08175,0.2649245044452392,269.4072110290094,261.2227889709906,265.315,0.5895888888888889,65.99099768150198,0.8324644444444445,375.86594141425496,373.352058585745,374.609,20.269438053384707,0.22700600954287084,0.2201856578499791,0.22359583369642497,0.05499249788953351,3,,,,,,deterministic,,,,,,,,,,,-6.45713793826557,-6.952026557263004,-6.704582247764287,task_potential,0.0,0.0,0.0,0.0,-0.673583917841207,-0.8273360821587935,-0.7504600000000002,1.2397037502564885,3.0157409428409028,2.4482590571590976,2.732,4.575606626448563,-6.288823193388622,-6.583421302139953,-6.436122247764287,2.375344645445872,-2.2499999999999964,-2.2499999999999964,-2.2499999999999964,0.0,3.9902870938656334,,1,multi,,,,,,,,,,11.187717663524959,9.665211050539986,10.426464357032472,12.27597130931498,0.06950976238021646,0.0,runs/thesis_v2/confirm/pdet_0p70/multi/qmix_ddqn/seed44/evaluation/final_test_deterministic_summary.json,0.5346457274292831,0.5192242723370668,0.5269349998831749,0.12434319735976367,210.85829102296665,204.68970897703335,207.774,1.38516,49.73727901685013,0.00332,1.6231267323810814,1.3648732676189186,1.494,2.0822977692923748,,44
0.0,0.0,0.0,0.0,0.0,0.0,0.0,0.0,0.0,0.0,0.0,0.0,0.0,0.0,0.0,0.0,0.0,0.0,0.0,0.0,qmix_ddqn,,,,0.0,0.0,0.0,0.0,0.0,runs/thesis_v2/confirm/pdet_0p70/multi/qmix_ddqn/seed45/best.pt,0.09716444444444444,47.316211535251284,40.13178846474871,43.724,57.92800552409862,0.47219563439154105,0.39380436560845894,0.433,0.632068825366352,0.6031561526827149,0.4988438473172852,0.551,0.8410701516520487,0.3473301796229581,0.3295991965894256,0.33846468810619185,0.14296492189209575,450.0,450.0,450.0,0.0,2.4996610582439276,2.3723389417560723,2.436,1.0265982661197126,0.1777504105090312,3.1288704983326023,2.9631295016673973,3.046,1.3363697093244817,0.7,150.0,150.0,150.0,0.0,runs/thesis_v2/confirm/pdet_0p70/multi/qmix_ddqn/seed45/evaluation/final_test_deterministic_episodes.csv,150.0,150.0,150.0,0.0,1000,200000,,,55.97005316988984,47.05741935758269,51.51373626373626,43.318489927014035,22.824163206595184,19.18616737191721,21.005165289256198,28.85953754314307,False,memory_union,0.3938368229274231,0.33416317707257687,0.364,0.481148625686492,0.9789140514071594,0.9570859485928406,0.968,0.17600000000000002,,0.08332439656048572,0.05600893677284758,0.06966666666666665,0.22024456103764892,354.3096853707948,344.8483146292052,349.579,0.7768422222222222,76.28703532711178,0.77672,350.9816583626971,348.0663416373029,349.524,23.50619969284699,0.2977580710807036,0.2898735955050994,0.2938158332929015,0.06357252909749285,3,,,,,,deterministic,,,,,,,,,,,-7.385993425457624,-7.864966404424894,-7.625479914941259,task_potential,0.0,0.0,0.0,0.0,-0.8026357692949746,-0.9463242307050261,-0.8744800000000004,1.158560110481973,2.950362327744327,2.4016376722556734,2.676,4.424367073378971,-7.028765261647517,-7.325234568235003,-7.17699991494126,2.3904321141995584,-2.2499999999999964,-2.2499999999999964,-2.2499999999999964,0.0,3.861959283192537,,1,multi,,,,,,,,,,11.52127212260893,10.13831766689962,10.829794894754276,11.1507622203966,0.07219863263169524,0.0,runs/thesis_v2/confirm/pdet_0p70/multi/qmix_ddqn/seed45/evaluation/final_test_deterministic_summary.json,0.6473816370543254,0.6322183619264351,0.6397999994903802,0.12226149222451167,255.95265502750902,249.88734497249095,252.92,1.6861333333333333,48.904596920943945,0.003111111111111111,1.520213077424979,1.279786922575021,1.4,1.9385561637466169,,45
0.0,0.0,0.0,0.0,0.0,0.0,0.0,0.0,0.0,0.0,0.0,0.0,0.0,0.0,0.0,0.0,0.0,0.0,0.0,0.0,qmix_ddqn,,,,0.0,0.0,0.0,0.0,0.0,runs/thesis_v2/confirm/pdet_0p70/multi/qmix_ddqn/seed46/best.pt,0.07814444444444445,38.9573419450609,31.3726580549391,35.165,61.15530864119648,0.45427400383771954,0.3777259961622804,0.416,0.6172066104636276,0.5752647023604752,0.4727352976395249,0.524,0.8266946231831921,0.2651486352201669,0.2454858065778979,0.2553172208990324,0.15854139365557807,450.0,450.0,450.0,0.0,2.067593139723188,1.938406860276812,2.003,1.0416290126527774,0.2076884672990514,2.585527118679109,2.4164728813208907,2.501,1.3630843700959967,0.7,150.0,150.0,150.0,0.0,runs/thesis_v2/confirm/pdet_0p70/multi/qmix_ddqn/seed46/evaluation/final_test_deterministic_episodes.csv,150.0,150.0,150.0,0.0,1000,200000,,,64.1457992971032,54.36848641718253,59.25714285714286,46.59573423586747,27.60282377704545,22.8685275743059,25.235675675675676,36.711771772901734,False,memory_union,0.3795776746692305,0.3204223253307695,0.35,0.47696960070847283,0.9413333333333334,0.9086666666666667,0.925,0.26339134382131846,,0.1224661442298487,0.08620052243681794,0.10433333333333332,0.2924097201606753,273.44851731079217,263.82948268920785,268.639,0.5969755555555556,77.55827924212863,0.8422933333333333,380.4818544932003,377.5821455067997,379.032,23.380354488330582,0.2303737645586579,0.2223579023862631,0.2263658334724605,0.06463189926959835,3,,,,,,deterministic,,,,,,,,,,,-6.06938673147126,-6.537510344129945,-6.303448537800603,task_potential,0.0,0.0,0.0,0.0,-0.6274531610987822,-0.7791468389012183,-0.7033000000000003,1.22310617282393,2.7972849705813174,2.2587150294186826,2.528,4.3424896085080045,-5.727675374522112,-6.0286217010790955,-5.8781485378006035,2.4265303276510184,-2.2499999999999964,-2.2499999999999964,-2.2499999999999964,0.0,3.7744808391630973,,1,multi,,,,,,,,,,10.67864095886664,9.154300395678433,9.916470677272537,12.290758450392469,0.06610980451515015,0.0,runs/thesis_v2/confirm/pdet_0p70/multi/qmix_ddqn/seed46/evaluation/final_test_deterministic_summary.json,0.539815754845759,0.5230742445736917,0.5314449997097254,0.13498680269872096,212.9263020610449,206.2296979389551,209.578,1.3971866666666666,53.99472118642711,0.003128888888888889,1.5310823739142545,1.2849176260857453,1.408,1.9848264407751122,,46
0.0,0.0,0.0,0.0,0.0,0.0,0.0,0.0,0.0,0.0,0.0,0.0,0.0,0.0,0.0,0.0,0.0,0.0,0.0,0.0,bayes_qmix_independent,,,,0.0,0.0,0.0,0.0,0.0,runs/thesis_v2/confirm/pdet_1p00/multi/bayes_qmix_independent/seed43/best.pt,0.057862222222222225,28.95866245394765,23.11733754605235,26.038,47.09860460778005,0.36039964904260297,0.29160035095739706,0.326,0.5547287625497709,0.4538859435711789,0.36211405642882105,0.408,0.7399567554931842,0.38293376290613773,0.3647056883015975,0.3738197256038676,0.14697297138872784,450.0,450.0,450.0,0.0,2.80636785967359,2.67763214032641,2.742,1.0379961464282994,0.11889132020423049,3.485849508646294,3.3161504913537057,3.401,1.3682832309138337,1.0,150.0,150.0,150.0,0.0,runs/thesis_v2/confirm/pdet_1p00/multi/bayes_qmix_independent/seed43/evaluation/final_test_posterior_mean_episodes.csv,150.0,150.0,150.0,0.0,1000,200000,mean,,53.69538058586256,44.10743631554589,48.901408450704224,41.14647655908747,18.561076858578964,15.016904792797185,16.788990825688074,28.30360593944254,False,memory_union,0.3119633377596212,0.25603666224037874,0.284,0.45093680266751346,0.9894661241225048,0.9725338758774952,0.981,0.13652472303579308,,0.09769467958620966,0.07080532041379035,0.08425,0.21680891164033514,394.57599813152865,382.5180018684714,388.547,0.8634377777777777,97.22362774038007,0.76902,347.8812012068454,344.23679879315466,346.059,29.384817831662662,0.33131333181823414,0.32126500170861566,0.3262891667634249,0.08101968889997822,3,,,,,,posterior_mean,,,,,2.6670234203338623,,0.05117487534880638,0.0432160384953022,0.014071831479668617,,-8.26039645089024,-8.69158737736424,-8.47599191412724,task_potential,0.0,0.0,0.0,0.0,-0.4623467509210473,-0.5791732490789533,-0.5207600000000003,0.9419720921556015,2.200221340710047,1.7197786592899529,1.96,3.873809494541516,-7.504548664618021,-7.825915163636459,-7.66523191412724,2.591178184763849,-2.2499999999999964,-2.2499999999999964,-2.2499999999999964,0.0,3.476692578598337,,1,multi,,,,,,,,,,10.24137696257411,9.012013363056974,9.626695162815542,9.912359097607087,0.06417796775210352,0.0,runs/thesis_v2/confirm/pdet_1p00/multi/bayes_qmix_independent/seed43/evaluation/final_test_posterior_mean_summary.json,0.690014203870702,0.6727107961829422,0.6813625000268221,0.1395173817418538,273.0056815407209,266.08431845927913,269.545,1.7969666666666666,55.80695274784316,0.002691111111111111,1.325048842452981,1.0969511575470192,1.211,1.8391517066299887,independent,43
0.0,0.0,0.0,0.0,0.0,0.0,0.0,0.0,0.0,0.0,0.0,0.0,0.0,0.0,0.0,0.0,0.0,0.0,0.0,0.0,bayes_qmix_independent,,,,0.0,0.0,0.0,0.0,0.0,runs/thesis_v2/confirm/pdet_1p00/multi/bayes_qmix_independent/seed43/best.pt,0.07493333333333334,37.21481737260015,30.225182627399846,33.72,56.35742719464756,0.29321324520578207,0.23078675479421795,0.262,0.5033448122311384,0.37451128044283877,0.29148871955716127,0.333,0.6694109350765045,0.32409206452436157,0.3058007553359753,0.3149464099301684,0.14748283185858083,450.0,450.0,450.0,0.0,2.5885528318790834,2.457447168120917,2.523,1.0571050089749836,0.10384462940943322,3.2341961122288203,3.06180388777118,3.148,1.3899985611503345,1.0,150.0,150.0,150.0,0.0,runs/thesis_v2/confirm/pdet_1p00/multi/bayes_qmix_independent/seed43/evaluation/final_test_posterior_sample_independent_episodes.csv,150.0,150.0,150.0,0.0,1000,200000,independent,,50.68452546540805,40.42277067193101,45.55364806866953,39.87305927302678,17.15133270339338,13.904800352739677,15.528066528066528,25.67410787506754,False,memory_union,0.2592149461376712,0.20678505386232884,0.233,0.42274223824926693,0.9738563950551465,0.9501436049448534,0.962,0.19119623427254,,0.09320423415750861,0.06479576584249139,0.079,0.22905748914482874,342.60543950014215,330.9645604998579,336.785,0.7484111111111111,93.86041111672162,0.8011622222222222,362.248662457931,358.79733754206904,360.523,27.82803390467965,0.2880045335010047,0.27830380100231816,0.2831541672516614,0.07821700925143436,3,,,,,,posterior_sample_independent,,,,,2.6670234203338623,,0.05117487534880638,0.0432160384953022,0.014071831479668617,,-8.510850896121106,-8.921375764989453,-8.71611333055528,task_potential,0.0,0.0,0.0,0.0,-0.6045036525479972,-0.7442963474520035,-0.6744000000000003,1.1271485438929516,1.8343351406990274,1.3976648593009728,1.616,3.5208726191102118,-7.2516779774027835,-7.563748683707775,-7.407713330555279,2.516226205130803,-2.2499999999999964,-2.2499999999999964,-2.2499999999999964,0.0,3.3100621494888975,,1,multi,,,,,,,,,,10.503085870769423,9.175513218092822,9.839299544431123,10.704218724762939,0.06559533029620741,0.0,runs/thesis_v2/confirm/pdet_1p00/multi/bayes_qmix_independent/seed43/evaluation/final_test_posterior_sample_independent_summary.json,0.6327845669168464,0.6154454307925472,0.6241149988546968,0.13980546013714085,250.11382723291857,243.1781727670814,246.646,1.6443066666666666,55.92218418481167,0.00222,1.1056708452559914,0.8923291547440088,0.999,1.720174119093762,independent,43
0.0,0.0,0.0,0.0,0.0,0.0,0.0,0.0,0.0,0.0,0.0,0.0,0.0,0.0,0.0,0.0,0.0,0.0,0.0,0.0,bayes_qmix_independent,,,,0.0,0.0,0.0,0.0,0.0,runs/thesis_v2/confirm/pdet_1p00/multi/bayes_qmix_independent/seed43/best.pt,0.10442444444444444,51.06390879815747,42.91809120184253,46.991,65.6797298943898,0.3056760004957603,0.24232399950423972,0.274,0.510807204334473,0.38253943228830695,0.2994605677116931,0.341,0.6698649117546015,0.35720810245170476,0.33705027274772204,0.3471291875997134,0.1625325873751008,450.0,450.0,450.0,0.0,2.4668747132097097,2.3291252867902905,2.398,1.1106736694457109,0.11426188490408674,3.09633214709725,2.9156678529027498,3.006,1.4566962620944697,1.0,150.0,150.0,150.0,0.0,runs/thesis_v2/confirm/pdet_1p00/multi/bayes_qmix_independent/seed43/evaluation/final_test_posterior_sample_shared_episodes.csv,150.0,150.0,150.0,0.0,1000,200000,shared,,50.022721476423975,40.22318016292029,45.122950819672134,38.9693191358999,16.47955275726651,13.360447242733489,14.92,24.511907310529715,False,memory_union,0.27063355493824753,0.21736644506175248,0.244,0.4294927240361588,0.9635151270307999,0.9364848729692,0.95,0.2179449471770337,,0.12995840851735987,0.09604159148264013,0.113,0.2734713066403047,337.2154662036612,324.13653379633877,330.676,0.7348355555555556,105.45543619937287,0.8065755555555556,364.9283844731473,360.98961552685273,362.959,31.758295278556748,0.28351288875367103,0.2726137784552986,0.2780633336044848,0.08787952983505375,3,,,,,,posterior_sample_shared,,,,,2.6670234203338623,,0.05117487534880638,0.0432160384953022,0.014071831479668617,,-8.50665365249605,-8.940057256515056,-8.723355454505553,task_potential,0.0,0.0,0.0,0.0,-0.858361824036851,-1.0212781759631497,-0.9398200000000004,1.3135945978877963,1.8484604404594147,1.415539559540585,1.632,3.4906412018424353,-7.005184350758621,-7.32588655825248,-7.165535454505551,2.585822001987884,-2.2499999999999964,-2.2499999999999964,-2.2499999999999964,0.0,3.4945333983541333,,1,multi,,,,,,,,,,16.289434428280284,14.491501725622838,15.390468076951562,14.496731958772653,0.10260312051301042,0.0,runs/thesis_v2/confirm/pdet_1p00/multi/bayes_qmix_independent/seed43/evaluation/final_test_posterior_sample_shared_summary.json,0.6022758831739603,0.5821591160237611,0.5922174995988607,0.1622014999907604,237.9103534181497,229.8636465818503,233.887,1.5592466666666667,64.88059980456407,0.002266666666666667,1.1270055996588888,0.9129944003411113,1.02,1.725572368809839,independent,43
0.0,0.0,0.0,0.0,0.0,0.0,0.0,0.0,0.0,0.0,0.0,0.0,0.0,0.0,0.0,0.0,0.0,0.0,0.0,0.0,bayes_qmix_independent,,,,0.0,0.0,0.0,0.0,0.0,runs/thesis_v2/confirm/pdet_1p00/multi/bayes_qmix_independent/seed44/best.pt,0.06999333333333334,34.83921423942988,28.15478576057012,31.497,53.89654897115398,0.3881037130215904,0.32189628697840955,0.355,0.5338304974427744,0.5005680195356832,0.40943198046431684,0.455,0.7348299122926338,0.32975803042524476,0.31049161820975235,0.32012482431749856,0.15534508787920417,450.0,450.0,450.0,0.0,2.487592403936059,2.3644075960639412,2.426,0.9932391454226922,0.14633140972794723,3.1306509204595394,2.9693490795404602,3.05,1.3005767951182274,1.0,150.0,150.0,150.0,0.0,runs/thesis_v2/confirm/pdet_1p00/multi/bayes_qmix_independent/seed44/evaluation/final_test_posterior_mean_episodes.csv,150.0,150.0,150.0,0.0,1000,200000,mean,,62.56599518949391,53.38507514689753,57.97553516819572,42.28720081233021,15.515666549046367,12.87076716112835,14.193216855087359,21.035663819916554,False,memory_union,0.3560907377806859,0.29790926221931413,0.327,0.46911725613112976,0.9830510545365796,0.9629489454634204,0.973,0.16208331191088118,,0.0864880538534033,0.05951194614659669,0.073,0.21750836510095167,336.05316718805904,325.35683281194093,330.705,0.7349,86.24454750881357,0.8034266666666666,363.05760373174826,360.0263962682517,361.542,24.44062675137444,0.28254430683074894,0.27363069485010205,0.2780875008404255,0.0718704562617673,3,,,,,,posterior_mean,,,,,2.874506711959839,,0.056886572390794754,0.03823721781373024,0.0022120033390820026,,-7.982364083458272,-8.442649994536318,-8.212507038997295,task_potential,0.0,0.0,0.0,0.0,-0.5630957152114027,-0.6967842847885979,-0.6299400000000003,1.0779309794230802,2.4649232752736476,1.975076724726353,2.22,3.9496328943333454,-7.413698541107419,-7.6914355368871705,-7.552567038997295,2.2393934861425917,-2.2499999999999964,-2.2499999999999964,-2.2499999999999964,0.0,3.7112854488020353,,1,multi,,,,,,,,,,11.721725958649188,10.166583292053538,10.944154625351363,12.539115820056022,0.07296103083567575,0.0,runs/thesis_v2/confirm/pdet_1p00/multi/bayes_qmix_independent/seed44/evaluation/final_test_posterior_mean_summary.json,0.6192069736391631,0.6033180251449021,0.6112624993920326,0.12811259681054496,244.68278968744906,238.32721031255093,241.505,1.6100333333333334,51.24503854033092,0.002791111111111111,1.3663121646785887,1.1456878353214113,1.256,1.7788940384407386,independent,44
0.0,0.0,0.0,0.0,0.0,0.0,0.0,0.0,0.0,0.0,0.0,0.0,0.0,0.0,0.0,0.0,0.0,0.0,0.0,0.0,bayes_qmix_independent,,,,0.0,0.0,0.0,0.0,0.0,runs/thesis_v2/confirm/pdet_1p00/multi/bayes_qmix_independent/seed44/best.pt,0.08731555555555555,43.32199086363463,35.26200913636537,39.292,64.98763525471595,0.31484068511330865,0.2531593148866913,0.284,0.4973369079406836,0.3939648359374645,0.31203516406253545,0.353,0.6605989706319562,0.28442654347815155,0.2666101128186753,0.2755183281484134,0.14365388612751365,450.0,450.0,450.0,0.0,2.334331488661027,2.2016685113389727,2.268,1.069661628740603,0.12522045855379188,2.9407428474052817,2.7672571525947185,2.854,1.3988152129570224,1.0,150.0,150.0,150.0,0.0,runs/thesis_v2/confirm/pdet_1p00/multi/bayes_qmix_independent/seed44/evaluation/final_test_posterior_sample_independent_episodes.csv,150.0,150.0,150.0,0.0,1000,200000,independent,,55.88001463544138,45.76257091588942,50.8212927756654,41.77681970289777,14.475711826511173,11.948786589539512,13.212249208025343,19.826766594947998,False,memory_union,0.29030140172474916,0.23569859827525086,0.263,0.440262421744123,0.9608926870098031,0.9331073129901968,0.947,0.22403347964087864,,0.09434579067644022,0.06332087599022646,0.07883333333333334,0.2501538970758245,300.3783997378015,290.2096002621985,295.294,0.6562088888888888,81.99103343658987,0.8247355555555556,372.5986048986157,369.66339510138425,371.131,23.666597537457722,0.2528153336244062,0.24434133407004321,0.24857833384722472,0.0683258611274979,3,,,,,,posterior_sample_independent,,,,,2.874506711959839,,0.056886572390794754,0.03823721781373024,0.0022120033390820026,,-8.325561951240811,-8.747253953494404,-8.536407952367608,task_potential,0.0,0.0,0.0,0.0,-0.7052401827273076,-0.8664398172726928,-0.7858400000000002,1.2997527050943196,1.9033747561233096,1.4726252438766902,1.688,3.4731334555412636,-7.040409915152838,-7.336725989582377,-7.188567952367608,2.389196603260845,-2.2499999999999964,-2.2499999999999964,-2.2499999999999964,0.0,3.4001027495594753,,1,multi,,,,,,,,,,12.44125261626544,10.758883839799367,11.600068228032404,13.564939984788579,0.07733378818688263,0.0,runs/thesis_v2/confirm/pdet_1p00/multi/bayes_qmix_independent/seed44/evaluation/final_test_posterior_sample_independent_summary.json,0.5794275543328575,0.5626874446634003,0.5710574994981289,0.1349755096394267,228.7710219101231,222.0749780898769,225.423,1.50282,53.99020347248192,0.0022755555555555554,1.1333837796460227,0.9146162203539774,1.024,1.7639229008094428,independent,44
0.0,0.0,0.0,0.0,0.0,0.0,0.0,0.0,0.0,0.0,0.0,0.0,0.0,0.0,0.0,0.0,0.0,0.0,0.0,0.0,bayes_qmix_independent,,,,0.0,0.0,0.0,0.0,0.0,runs/thesis_v2/confirm/pdet_1p00/multi/bayes_qmix_independent/seed44/best.pt,0.13421333333333332,65.39485845159408,55.397141548405926,60.396,80.61159460028068,0.333601798657063,0.26839820134293696,0.301,0.5257366260781153,0.41806909270865533,0.33193090729134467,0.375,0.6945322166753678,0.31599105776154984,0.29615579948080767,0.30607342862117876,0.1599316938859477,450.0,450.0,450.0,0.0,2.209749618620473,2.072250381379527,2.141,1.1086563940193552,0.14058851004203643,2.771839374189465,2.5921606258105347,2.682,1.448749805867114,1.0,150.0,150.0,150.0,0.0,runs/thesis_v2/confirm/pdet_1p00/multi/bayes_qmix_independent/seed44/evaluation/final_test_posterior_sample_shared_episodes.csv,150.0,150.0,150.0,0.0,1000,200000,shared,,56.5924606594605,46.37050230350246,51.48148148148148,42.7685159125351,13.960604400586357,11.405091392293903,12.68284789644013,19.837983390090194,False,memory_union,0.2975306610399623,0.24246933896003772,0.27,0.4439594576084623,0.9431314952418782,0.9108685047581219,0.927,0.2601365026289083,,0.12975959968860779,0.09357373364472554,0.11166666666666666,0.2917666495296845,297.5360034359154,286.5359965640846,292.036,0.6489688888888889,88.69305893924282,0.82776,374.1295397813406,370.8544602186594,372.492,26.406967565398343,0.2504466696827618,0.2412799974159392,0.2458633335493505,0.07391088143044967,3,,,,,,posterior_sample_shared,,,,,2.874506711959839,,0.056886572390794754,0.03823721781373024,0.0022120033390820026,,-8.409369855442078,-8.863471804918872,-8.636420830180475,task_potential,0.0,0.0,0.0,0.0,-1.1079428309681192,-1.307897169031882,-1.2079200000000005,1.6122318920056136,2.0213540086255484,1.570645991374452,1.796,3.6340588878002515,-6.821398588359593,-7.127603072001365,-6.974500830180479,2.4689268499138457,-2.2499999999999964,-2.2499999999999964,-2.2499999999999964,0.0,3.6614241644257226,,1,multi,,,,,,,,,,18.605279884379286,16.44798749463935,17.526633689509318,17.394249231095042,0.11684422459672875,0.0,runs/thesis_v2/confirm/pdet_1p00/multi/bayes_qmix_independent/seed44/evaluation/final_test_posterior_sample_shared_summary.json,0.5549474208478161,0.5372775779839328,0.5461124994158745,0.14247194868458465,218.97896856683693,211.91103143316306,215.445,1.4363,56.9887793780495,0.002328888888888889,1.1556522343342541,0.940347765665746,1.048,1.736,independent,44
0.0,0.0,0.0,0.0,0.0,0.0,0.0,0.0,0.0,0.0,0.0,0.0,0.0,0.0,0.0,0.0,0.0,0.0,0.0,0.0,bayes_qmix_independent,,,,0.0,0.0,0.0,0.0,0.0,runs/thesis_v2/confirm/pdet_1p00/multi/bayes_qmix_independent/seed45/best.pt,0.059046666666666664,29.915922136880948,23.226077863119055,26.571,53.940216527188696,0.45265772356561323,0.3773422764343867,0.415,0.6072684743999148,0.5820246659855696,0.4799753340144305,0.531,0.8228237964473317,0.2917667206904938,0.27219090396653933,0.28197881232851657,0.15783981653027135,450.0,450.0,450.0,0.0,2.271412572528022,2.138587427471978,2.205,1.0709691872318268,0.18820861678004536,2.8575181278163186,2.684481872183681,2.771,1.395191384721107,1.0,150.0,150.0,150.0,0.0,runs/thesis_v2/confirm/pdet_1p00/multi/bayes_qmix_independent/seed45/evaluation/final_test_posterior_mean_episodes.csv,150.0,150.0,150.0,0.0,1000,200000,mean,,53.87862815744783,45.49567351852982,49.687150837988824,40.40593465778792,17.156366452730893,14.039795594177424,15.598081023454158,24.336646503889334,False,memory_union,0.38772914057619895,0.328270859423801,0.358,0.4794121400215059,0.9529544550327093,0.9230455449672906,0.938,0.24115555146004827,,0.11505244112252336,0.08094755887747665,0.098,0.27498767649155154,292.33103584101787,283.09696415898213,287.714,0.6393644444444444,74.45432293695242,0.8352244444444444,377.16441330797124,374.53758669202875,375.851,21.180103847715195,0.2461091963911752,0.23841413660698133,0.24226166649907827,0.062045269510537224,3,,,,,,posterior_mean,,,,,2.644580602645874,,0.12260302156209946,0.05396878719329834,0.0015735325869172812,,-6.874919548687717,-7.3513671988225076,-7.113143373755112,task_potential,0.0,0.0,0.0,0.0,-0.4645215572623813,-0.5983184427376191,-0.5314200000000002,1.0788043305437744,2.8586313699259343,2.317368630074066,2.588,4.36420164520385,-6.772190135496253,-7.067256612013972,-6.9197233737551125,2.379121094896639,-2.2499999999999964,-2.2499999999999964,-2.2499999999999964,0.0,3.841597556005467,,1,multi,,,,,,,,,,11.171434808820546,9.634416904809534,10.40292585681504,12.39297585351696,0.06935283904543359,0.0,runs/thesis_v2/confirm/pdet_1p00/multi/bayes_qmix_independent/seed45/evaluation/final_test_posterior_mean_summary.json,0.5627019239050395,0.5469730772691721,0.5548375005871058,0.1268216954749151,222.08076931745458,215.78923068254542,218.935,1.4595666666666667,50.72867803323875,0.0036133333333333334,1.768007016556053,1.4839929834439467,1.626,2.2900052401686772,independent,45
0.0,0.0,0.0,0.0,0.0,0.0,0.0,0.0,0.0,0.0,0.0,0.0,0.0,0.0,0.0,0.0,0.0,0.0,0.0,0.0,bayes_qmix_independent,,,,0.0,0.0,0.0,0.0,0.0,runs/thesis_v2/confirm/pdet_1p00/multi/bayes_qmix_independent/seed45/best.pt,0.07246,36.25728573548322,28.95671426451678,32.607,58.8645101143295,0.39600660950605054,0.32599339049394943,0.361,0.5645166073730693,0.5008950820782214,0.4071049179217786,0.454,0.7562301237057408,0.27444384766759505,0.2562491657804455,0.26534650672402027,0.1467037258976854,450.0,450.0,450.0,0.0,2.2306589792050326,2.095341020794967,2.163,1.0910687421056475,0.16689782709200185,2.8193941156660625,2.644605884333938,2.732,1.4093175653485626,1.0,150.0,150.0,150.0,0.0,runs/thesis_v2/confirm/pdet_1p00/multi/bayes_qmix_independent/seed45/evaluation/final_test_posterior_sample_independent_episodes.csv,150.0,150.0,150.0,0.0,1000,200000,independent,,47.62687252788037,39.25363061677371,43.44025157232704,38.03095250403787,16.06704095771333,13.091417286398018,14.579229122055674,23.186369884959348,False,memory_union,0.34687879544625133,0.2891212045537487,0.318,0.4656994739099455,0.9493963839598473,0.9186036160401528,0.934,0.24828209762284517,,0.1132263569259549,0.0791069764073784,0.09616666666666665,0.2751045760756767,283.42009897322555,274.08990102677444,278.755,0.6194555555555555,75.2293890377956,0.8382911111111111,378.5629919446164,375.8990080553836,377.231,21.479702954184447,0.2386834165828213,0.23090825148654134,0.23479583403468132,0.06269115866760588,3,,,,,,posterior_sample_independent,,,,,2.644580602645874,,0.12260302156209946,0.05396878719329834,0.0015735325869172812,,-7.373309868665752,-7.806922796058872,-7.590116332362312,task_potential,0.0,0.0,0.0,0.0,-0.5791342852903358,-0.7251457147096647,-0.6521400000000003,1.1772902022865908,2.4352753630970843,1.940724636902916,2.188,3.9875626640844155,-6.728582793905108,-7.02336987081952,-6.875976332362314,2.376868295805466,-2.2499999999999964,-2.2499999999999964,-2.2499999999999964,0.0,3.4962211727868295,,1,multi,,,,,,,,,,10.751229485778353,9.318514739138433,10.034872112458393,11.551979462146168,0.06689914741638929,0.0,runs/thesis_v2/confirm/pdet_1p00/multi/bayes_qmix_independent/seed45/evaluation/final_test_posterior_sample_independent_summary.json,0.5530980888425018,0.5374869106144998,0.5452924997285008,0.12587293506451594,218.2392356369291,211.99476436307089,215.117,1.4341133333333334,50.349173885973535,0.003068888888888889,1.5056394018073052,1.2563605981926949,1.381,2.009935073578249,independent,45
0.0,0.0,0.0,0.0,0.0,0.0,0.0,0.0,0.0,0.0,0.0,0.0,0.0,0.0,0.0,0.0,0.0,0.0,0.0,0.0,bayes_qmix_independent,,,,0.0,0.0,0.0,0.0,0.0,runs/thesis_v2/confirm/pdet_1p00/multi/bayes_qmix_independent/seed45/best.pt,0.10415111111111111,51.23546404089491,42.50053595910509,46.868,70.42972792791407,0.409083592307359,0.33491640769264097,0.372,0.5980100333606453,0.5313647276195175,0.4306352723804825,0.481,0.8121816299326154,0.29747459562666356,0.27771333183871527,0.2875939637326894,0.15933507626679344,450.0,450.0,450.0,0.0,2.242884355235103,2.1071156447648964,2.175,1.0947031561112812,0.17103448275862068,2.8143731149493205,2.6376268850506794,2.726,1.425104908419026,1.0,150.0,150.0,150.0,0.0,runs/thesis_v2/confirm/pdet_1p00/multi/bayes_qmix_independent/seed45/evaluation/final_test_posterior_sample_shared_episodes.csv,150.0,150.0,150.0,0.0,1000,200000,shared,,48.8964790563073,40.2754954659857,44.5859872611465,38.90835952062005,14.971998509791069,12.251530901973636,13.611764705882353,21.209524411518956,False,memory_union,0.34278062422413264,0.28521937577586737,0.314,0.46411636471902173,0.9502874768011909,0.9197125231988093,0.935,0.246525860712421,,0.11689238091239276,0.08260761908760725,0.09975,0.2764380456007377,282.9662522763891,273.0757477236109,278.021,0.6178244444444444,79.74714138450356,0.83936,379.1669037384025,376.2570962615975,377.712,23.46177861970401,0.23830521062521107,0.2300631235191428,0.23418416707217693,0.06645595098243919,3,,,,,,posterior_sample_shared,,,,,2.644580602645874,,0.12260302156209946,0.05396878719329834,0.0015735325869172812,,-7.479880039172682,-7.951449125952325,-7.715664582562503,task_potential,0.0,0.0,0.0,0.0,-0.850010719182102,-1.0247092808178986,-0.9373600000000003,1.4085945585582815,2.626681844613101,2.093318155386899,2.36,4.300511597473027,-6.735692036374784,-7.0409171287502215,-6.888304582562503,2.4610300178189517,-2.2499999999999964,-2.2499999999999964,-2.2499999999999964,0.0,3.802261698106605,,1,multi,,,,,,,,,,15.979650615168735,14.051884375206699,15.015767495187717,15.543579811744022,0.10010511663458471,0.0,runs/thesis_v2/confirm/pdet_1p00/multi/bayes_qmix_independent/seed45/evaluation/final_test_posterior_sample_shared_summary.json,0.5403975838295688,0.5236124169059525,0.5320050003677607,0.13533880629417774,213.15903338342815,206.44496661657183,209.802,1.39868,54.13552249678579,0.003193333333333333,1.5715528757253667,1.3024471242746334,1.437,2.1697997603465624,independent,45
0.0,0.0,0.0,0.0,0.0,0.0,0.0,0.0,0.0,0.0,0.0,0.0,0.0,0.0,0.0,0.0,0.0,0.0,0.0,0.0,bayes_qmix_shared,,,,0.0,0.0,0.0,0.0,0.0,runs/thesis_v2/confirm/pdet_1p00/multi/bayes_qmix_shared/seed43/best.pt,0.04369555555555556,22.5840988034555,16.7419011965445,19.663,47.105641180223834,0.2755670918981035,0.21443290810189647,0.245,0.49292494357660577,0.34862288858115187,0.2673771114188481,0.308,0.6550847273444863,0.27997938552806045,0.2613148840719566,0.2706471348000085,0.15049188123300475,450.0,450.0,450.0,0.0,2.1130293854697597,1.9829706145302406,2.048,1.0486639118421115,0.11962890625,2.6307461110229236,2.4592538889770763,2.545,1.3827418414150923,1.0,150.0,150.0,150.0,0.0,runs/thesis_v2/confirm/pdet_1p00/multi/bayes_qmix_shared/seed43/evaluation/final_test_posterior_mean_episodes.csv,150.0,150.0,150.0,0.0,1000,200000,mean,,53.42104758119237,42.707984676872144,48.064516129032256,40.16561892539288,12.352836433198073,10.318131308737412,11.335483870967742,15.820611607886383,False,memory_union,0.24256136696425057,0.19143863303574943,0.217,0.4122026200790092,0.9458220889423141,0.914177911057686,0.93,0.25514701644346144,,0.12536021160089278,0.0893064550657739,0.10733333333333334,0.2907014505181103,264.70338942099613,256.99461057900385,260.849,0.5796644444444444,62.15588627797049,0.8535288888888889,385.2003208506202,382.97567914937986,384.088,17.937286751345646,0.2230861582753965,0.21666217581948552,0.219874167047441,0.05179657260449912,3,,,,,,posterior_mean,,,,,2.5091075897216797,,0.1363692581653595,0.06364473700523376,0.0009676576592028141,,-7.787272647851224,-8.184381512722297,-7.985827080286761,task_potential,0.0,0.0,0.0,0.0,-0.3348380239308902,-0.45168197606911026,-0.3932600000000002,0.9421128236044773,1.696418154645084,1.271581845354916,1.484,3.4254552982048967,-6.684277718573735,-6.968856441999787,-6.826567080286761,2.2945583383513184,-2.2499999999999964,-2.2499999999999964,-2.2499999999999964,0.0,3.201888904951541,,1,multi,,,,,,,,,,10.309078059380754,8.726120008051902,9.517599033716328,12.763391276090251,0.06345066022477545,0.0,runs/thesis_v2/confirm/pdet_1p00/multi/bayes_qmix_shared/seed43/evaluation/final_test_posterior_mean_summary.json,0.5154573217519035,0.5020176778547057,0.5087374998033046,0.10836385305804759,203.18292880166177,197.80707119833824,200.495,1.3366333333333333,43.34554158157446,0.0029,1.4623920691249195,1.1476079308750804,1.305,2.5381046077732887,shared,43
0.0,0.0,0.0,0.0,0.0,0.0,0.0,0.0,0.0,0.0,0.0,0.0,0.0,0.0,0.0,0.0,0.0,0.0,0.0,0.0,bayes_qmix_shared,,,,0.0,0.0,0.0,0.0,0.0,runs/thesis_v2/confirm/pdet_1p00/multi/bayes_qmix_shared/seed43/best.pt,0.05518222222222222,28.042097178993213,21.62190282100679,24.832,51.766029169717086,0.27131088880881554,0.21068911119118444,0.241,0.4887934123942343,0.3411114762746141,0.2608885237253859,0.301,0.6468376921608697,0.27004504009224717,0.25286429284453094,0.26145466646838905,0.13852837057439985,450.0,450.0,450.0,0.0,2.182018001184888,2.051981998815112,2.117,1.0484803288569604,0.11384034010392065,2.732170497704776,2.5618295022952235,2.647,1.3734595006770312,1.0,150.0,150.0,150.0,0.0,runs/thesis_v2/confirm/pdet_1p00/multi/bayes_qmix_shared/seed43/evaluation/final_test_posterior_sample_independent_episodes.csv,150.0,150.0,150.0,0.0,1000,200000,independent,,52.09189444926276,41.81508229492329,46.95348837209303,38.351224769485945,13.040793615481968,10.766073337307732,11.90343347639485,17.70584967390041,False,memory_union,0.2404757738853024,0.1895242261146976,0.215,0.41082234603292944,0.9476111803061317,0.9163888196938684,0.932,0.251745903640953,,0.10924237864419603,0.07509095468913732,0.09216666666666667,0.2753629423143208,265.40711241728206,256.9548875827179,261.181,0.5804022222222223,68.15029155476887,0.8520466666666666,384.6267109771146,382.2152890228854,383.421,19.443295991163637,0.22367259363251832,0.21662907299977632,0.22015083331614732,0.056791909123196684,3,,,,,,posterior_sample_independent,,,,,2.5091075897216797,,0.1363692581653595,0.06364473700523376,0.0009676576592028141,,-7.986136300060596,-8.387830695065652,-8.186983497563125,task_potential,0.0,0.0,0.0,0.0,-0.432438056420136,-0.5608419435798645,-0.49664000000000025,1.0353205833943424,1.6531077166906558,1.234892283309344,1.444,3.3720711736260847,-6.739607468207545,-7.029079526918704,-6.884343497563124,2.3340133023262,-2.2499999999999964,-2.2499999999999964,-2.2499999999999964,0.0,3.238862035894084,,1,multi,,,,,,,,,,10.790389710182367,9.238567291119711,10.01447850065104,12.512344663131504,0.06676319000434038,0.0,runs/thesis_v2/confirm/pdet_1p00/multi/bayes_qmix_shared/seed43/evaluation/final_test_posterior_sample_independent_summary.json,0.5210427308511855,0.5062422680723547,0.5136424994617701,0.11933613613756058,205.41709256153493,199.49690743846506,202.457,1.3497133333333333,47.73445454805155,0.002771111111111111,1.3952842623073942,1.098715737692606,1.247,2.3912321091855553,shared,43
0.0,0.0,0.0,0.0,0.0,0.0,0.0,0.0,0.0,0.0,0.0,0.0,0.0,0.0,0.0,0.0,0.0,0.0,0.0,0.0,bayes_qmix_shared,,,,0.0,0.0,0.0,0.0,0.0,runs/thesis_v2/confirm/pdet_1p00/multi/bayes_qmix_shared/seed43/best.pt,0.07317333333333334,36.76407471323893,29.091925286761064,32.928,61.86054328891721,0.26407116737891295,0.20592883262108702,0.235,0.4688016638195731,0.3265914943417636,0.25140850565823636,0.289,0.6062004618935886,0.28663070269173857,0.2670606743099147,0.27684568850082664,0.15779314512581433,450.0,450.0,450.0,0.0,2.1156329307915076,1.9823670692084923,2.049,1.0745226847302947,0.11469009272816008,2.6298343388925347,2.454165661107465,2.542,1.4164166053813405,1.0,150.0,150.0,150.0,0.0,runs/thesis_v2/confirm/pdet_1p00/multi/bayes_qmix_shared/seed43/evaluation/final_test_posterior_sample_shared_episodes.csv,150.0,150.0,150.0,0.0,1000,200000,shared,,59.06931798521249,47.52603085199681,53.29767441860465,43.077482859092314,13.50013890697862,10.985882598397723,12.243010752688171,19.549305726194685,False,memory_union,0.2404757738853024,0.1895242261146976,0.215,0.41082234603292944,0.9458220889423141,0.914177911057686,0.93,0.2551470164434615,,0.12073098839581989,0.08510234493751342,0.10291666666666666,0.2872737636432847,265.1553527758877,256.10264722411233,260.629,0.5791755555555556,72.99196777043348,0.8529555555555556,385.1382594466465,382.5217405533535,383.83,21.096992676682618,0.22346279448260015,0.21591887314628416,0.21969083381444215,0.060826640156772804,3,,,,,,posterior_sample_shared,,,,,2.5091075897216797,,0.1363692581653595,0.06364473700523376,0.0009676576592028141,,-8.041453470543917,-8.45071535371191,-8.246084412127914,task_potential,0.0,0.0,0.0,0.0,-0.5818385057352216,-0.735281494264779,-0.6585600000000003,1.237210865778345,1.5668944161823501,1.17710558381765,1.372,3.142867480502479,-6.560719785793493,-6.858329038462335,-6.709524412127914,2.39962349981953,-2.2499999999999964,-2.2499999999999964,-2.2499999999999964,0.0,3.299878695381471,,1,multi,,,,,,,,,,13.718918708949031,11.86884238527726,12.793880547113146,14.917165991752414,0.0852925369807543,0.0,runs/thesis_v2/confirm/pdet_1p00/multi/bayes_qmix_shared/seed43/evaluation/final_test_posterior_sample_shared_summary.json,0.5112759568183449,0.4959540415019963,0.5036149991601706,0.12354060811498487,201.51038305539706,195.38161694460294,198.446,1.3229733333333333,49.41624311903931,0.002748888888888889,1.3943292167782326,1.0796707832217676,1.237,2.537091050790255,shared,43
0.0,0.0,0.0,0.0,0.0,0.0,0.0,0.0,0.0,0.0,0.0,0.0,0.0,0.0,0.0,0.0,0.0,0.0,0.0,0.0,bayes_qmix_shared,,,,0.0,0.0,0.0,0.0,0.0,runs/thesis_v2/confirm/pdet_1p00/multi/bayes_qmix_shared/seed44/best.pt,0.05249555555555555,26.759143999183905,20.486856000816097,23.623,50.573460144625265,0.3541608162465,0.28783918375350004,0.321,0.5347513440843324,0.44055810112681426,0.3534418988731858,0.397,0.702417966740601,0.30599832059377224,0.28880820479051245,0.29740326269214235,0.1386039092407553,450.0,450.0,450.0,0.0,2.1773916026209017,2.0486083973790983,2.113,1.0383790252118925,0.1519167061050639,2.727880139960769,2.5581198600392305,2.643,1.3687771915107294,1.0,150.0,150.0,150.0,0.0,runs/thesis_v2/confirm/pdet_1p00/multi/bayes_qmix_shared/seed44/evaluation/final_test_posterior_mean_episodes.csv,150.0,150.0,150.0,0.0,1000,200000,mean,,66.22463373304801,54.698977378063105,60.46180555555556,49.810459489124845,24.417269910876048,19.66500857013661,22.04113924050633,37.30690645963837,False,memory_union,0.31608080592257387,0.2599191940774261,0.288,0.45283109433871693,0.9617682634590814,0.9342317365409185,0.948,0.22202702538204672,,0.11740613931377754,0.0829271940195558,0.10016666666666667,0.2780037469771466,284.0958967464692,276.12410325353085,280.11,0.6224666666666666,64.27657349299199,0.8469333333333333,382.24643212484904,379.993567875151,381.12,18.164845168621724,0.23924658086909856,0.2326034196166793,0.23592500024288893,0.05356381131111481,3,,,,,,posterior_mean,,,,,2.7967746257781982,,0.0787021666765213,0.04221917688846588,0.0013092218432575464,,-6.698341298348102,-7.137321111186387,-6.917831204767245,task_potential,0.0,0.0,0.0,0.0,-0.4097371200163221,-0.5351828799836784,-0.47246000000000027,1.0114692028925059,2.1195104124328497,1.6644895875671502,1.892,3.668833056981471,-5.936853201667549,-6.237889207866943,-6.087371204767246,2.427253414636567,-2.2499999999999964,-2.2499999999999964,-2.2499999999999964,0.0,3.539494371854294,,1,multi,,,,,,,,,,10.30833522011998,8.838335516978491,9.573335368549236,11.852608078389064,0.06382223579032836,0.0,runs/thesis_v2/confirm/pdet_1p00/multi/bayes_qmix_shared/seed44/evaluation/final_test_posterior_mean_summary.json,0.5390268036452671,0.5249531959863761,0.5319899998158216,0.113475503072122,212.61072154298412,206.98127845701586,209.796,1.39864,45.390201409555345,0.0025488888888888887,1.2558192542507791,1.038180745749221,1.147,1.75481936392325,shared,44
0.0,0.0,0.0,0.0,0.0,0.0,0.0,0.0,0.0,0.0,0.0,0.0,0.0,0.0,0.0,0.0,0.0,0.0,0.0,0.0,bayes_qmix_shared,,,,0.0,0.0,0.0,0.0,0.0,runs/thesis_v2/confirm/pdet_1p00/multi/bayes_qmix_shared/seed44/best.pt,0.05118444444444444,26.042265291011958,20.023734708988044,23.033,48.5274140151729,0.3400907001442405,0.2739092998557595,0.307,0.533620651774273,0.41247232579525706,0.32752767420474294,0.37,0.6849087530467106,0.2755167640595842,0.25847682608161787,0.26699679507060103,0.13739302538719853,450.0,450.0,450.0,0.0,2.2566569577058786,2.1273430422941217,2.192,1.0426581414826241,0.14005474452554745,2.8183355865975033,2.647664413402497,2.733,1.3761217242671522,1.0,150.0,150.0,150.0,0.0,runs/thesis_v2/confirm/pdet_1p00/multi/bayes_qmix_shared/seed44/evaluation/final_test_posterior_sample_independent_episodes.csv,150.0,150.0,150.0,0.0,1000,200000,independent,,63.50701591153269,51.96161877481417,57.73431734317343,48.39546770767569,24.892508161173392,20.033652176379352,22.463080168776372,38.143711536150576,False,memory_union,0.29856269864793283,0.2434373013520672,0.271,0.4444760960951668,0.9617682634590814,0.9342317365409185,0.948,0.2220270253820467,,0.09291149099480957,0.06225517567185708,0.07758333333333332,0.2471818802915061,277.5112763238252,269.29872367617475,273.405,0.6075666666666667,66.21781463473405,0.8470777777777778,382.37636442923366,379.99363557076634,381.185,19.211943550822756,0.2337593976507587,0.22691560367246438,0.23033750066161154,0.055181513044260805,3,,,,,,posterior_sample_independent,,,,,2.7967746257781982,,0.0787021666765213,0.04221917688846588,0.0013092218432575464,,-7.007916632299103,-7.425696946348036,-7.216806789323569,task_potential,0.0,0.0,0.0,0.0,-0.40047469417976095,-0.5208453058202394,-0.4606600000000002,0.9705482803034587,1.9498734847955963,1.5141265152044037,1.732,3.5134279557150445,-6.08270336743588,-6.393590211211259,-6.23814678932357,2.506680721174439,-2.2499999999999964,-2.2499999999999964,-2.2499999999999964,0.0,3.36856280630942,,1,multi,,,,,,,,,,9.049309494899115,7.752509935946237,8.400909715422676,10.45609526018852,0.05600606476948453,0.0,runs/thesis_v2/confirm/pdet_1p00/multi/bayes_qmix_shared/seed44/evaluation/final_test_posterior_sample_independent_summary.json,0.540893026847687,0.5267519720901581,0.5338224994689226,0.11401932905009347,213.35721093483252,207.70078906516747,210.529,1.4035266666666666,45.607731351164574,0.002471111111111111,1.2256262024512106,0.9983737975487895,1.112,1.8323362136900532,shared,44
0.0,0.0,0.0,0.0,0.0,0.0,0.0,0.0,0.0,0.0,0.0,0.0,0.0,0.0,0.0,0.0,0.0,0.0,0.0,0.0,bayes_qmix_shared,,,,0.0,0.0,0.0,0.0,0.0,runs/thesis_v2/confirm/pdet_1p00/multi/bayes_qmix_shared/seed44/best.pt,0.062364444444444445,31.533160541062646,24.594839458937354,28.064,55.94368511279893,0.342251144777722,0.275748855222278,0.309,0.5362079820368213,0.42804766085533746,0.33995233914466255,0.384,0.7103126072371234,0.29497913483502075,0.2768196985278501,0.2858994166814354,0.14641954077499958,450.0,450.0,450.0,0.0,2.1263379813362433,1.9936620186637568,2.06,1.0697663296253066,0.15,2.6721870427323946,2.4978129572676053,2.585,1.4059783070872751,1.0,150.0,150.0,150.0,0.0,runs/thesis_v2/confirm/pdet_1p00/multi/bayes_qmix_shared/seed44/evaluation/final_test_posterior_sample_shared_episodes.csv,150.0,150.0,150.0,0.0,1000,200000,shared,,57.98904322730445,46.783015596224956,52.3860294117647,47.059820617883474,22.343697375173747,17.884750900688324,20.114224137931036,34.63267673273176,False,memory_union,0.2995945597052268,0.24440544029477324,0.272,0.44498988752554813,0.9440292633293886,0.9119707366706115,0.928,0.2584879107424562,,0.12232189557537611,0.08701143775795721,0.10466666666666666,0.28470823271865137,276.7057802033364,267.7402197966636,272.223,0.60494,72.28931643749303,0.8483644444444445,383.0482197747568,380.47978022524325,381.764,20.709328912352518,0.2330881510297533,0.22561685062248746,0.22935250082612038,0.06024109758252601,3,,,,,,posterior_sample_shared,,,,,2.7967746257781982,,0.0787021666765213,0.04221917688846588,0.0013092218432575464,,-6.8756165135352845,-7.302417062748155,-7.08901678814172,task_potential,0.0,0.0,0.0,0.0,-0.4918967891787473,-0.6306632108212532,-0.5612800000000002,1.118873702255979,2.066071633372919,1.605928366627081,1.836,3.710135307505644,-5.96041223044581,-6.267061345837632,-6.113736788141721,2.4725119158572655,-2.2499999999999964,-2.2499999999999964,-2.2499999999999964,0.0,3.4412929653322957,,1,multi,,,,,,,,,,10.962609887490851,9.44214357338903,10.20237673043994,12.25952037876506,0.06801584486959959,0.0,runs/thesis_v2/confirm/pdet_1p00/multi/bayes_qmix_shared/seed44/evaluation/final_test_posterior_sample_shared_summary.json,0.5296232287118972,0.5147367704232395,0.5221799995675683,0.1200295179609049,208.84929164926623,202.8947083507338,205.872,1.37248,48.01180704785022,0.0024355555555555554,1.204949802541693,0.9870501974583071,1.096,1.756924585746355,shared,44
0.0,0.0,0.0,0.0,0.0,0.0,0.0,0.0,0.0,0.0,0.0,0.0,0.0,0.0,0.0,0.0,0.0,0.0,0.0,0.0,bayes_qmix_shared,,,,0.0,0.0,0.0,0.0,0.0,runs/thesis_v2/confirm/pdet_1p00/multi/bayes_qmix_shared/seed45/best.pt,0.03500222222222222,18.34320959699503,13.158790403004966,15.751,41.80197362565552,0.3519014948483537,0.2840985051516463,0.318,0.546695527693432,0.43906647040340097,0.35093352959659907,0.395,0.7106159300212739,0.252358397096217,0.23433073055704887,0.24334456382663291,0.14535708109328896,450.0,450.0,450.0,0.0,1.8992285983326367,1.7687714016673635,1.834,1.0518764185967855,0.173391494002181,2.3659169196205094,2.19408308037949,2.28,1.3854963009694397,1.0,150.0,150.0,150.0,0.0,runs/thesis_v2/confirm/pdet_1p00/multi/bayes_qmix_shared/seed45/evaluation/final_test_posterior_mean_episodes.csv,150.0,150.0,150.0,0.0,1000,200000,mean,,64.23779610664208,52.89791817907221,58.56785714285714,48.319720564259924,22.571519348073018,18.318860965126085,20.44519015659955,32.419040693094004,False,memory_union,0.3078431643640195,0.25215683563598057,0.28,0.44899888641287294,0.913089520480939,0.874910479519061,0.894,0.3078376195334157,,0.1588056726869866,0.11702766064634675,0.13791666666666666,0.3368561244969596,232.38372177349703,225.92027822650294,229.152,0.5092266666666667,52.11474739457153,0.8803422222222222,397.049084676437,395.258915323563,396.154,14.434136066976784,0.19615310177849107,0.19076689877464,0.19346000027656554,0.04342895654934963,3,,,,,,posterior_mean,,,,,2.564082145690918,,0.11582522839307785,0.060409557074308395,0.0009320058161392808,,-6.0068915254587605,-6.405317803107717,-6.206104664283239,task_potential,0.0,0.0,0.0,0.0,-0.26317580806009944,-0.36686419193990083,-0.31502000000000013,0.836039472513111,2.117119901577534,1.6588800984224659,1.888,3.6947876799621384,-5.387109326707336,-5.671060001859144,-5.52908466428324,2.2894943849144442,-2.2499999999999964,-2.2499999999999964,-2.2499999999999964,0.0,3.212511204602594,,1,multi,,,,,,,,,,9.746379689557388,8.31442987035169,9.030404779954539,11.545811851998456,0.06020269853303027,0.0,runs/thesis_v2/confirm/pdet_1p00/multi/bayes_qmix_shared/seed45/evaluation/final_test_posterior_mean_summary.json,0.46865827405803206,0.4555767259562731,0.46211750000715257,0.10547652654445502,184.46330959587874,179.23069040412128,181.847,1.2123133333333334,42.190610223129035,0.003022222222222222,1.4905253289653067,1.2294746710346935,1.36,2.104851538707659,shared,45
0.0,0.0,0.0,0.0,0.0,0.0,0.0,0.0,0.0,0.0,0.0,0.0,0.0,0.0,0.0,0.0,0.0,0.0,0.0,0.0,bayes_qmix_shared,,,,0.0,0.0,0.0,0.0,0.0,runs/thesis_v2/confirm/pdet_1p00/multi/bayes_qmix_shared/seed45/best.pt,0.048384444444444445,25.02704854390953,18.51895145609047,21.773,52.474788908579704,0.3349769099551518,0.2690230900448482,0.302,0.5317856711119621,0.4214575630401129,0.3345424369598871,0.378,0.7007966894898977,0.23301324273935098,0.2149868007764547,0.22400002175790285,0.14534720733441578,450.0,450.0,450.0,0.0,1.9122457785698532,1.7857542214301467,1.849,1.01990146582893,0.16333153055705787,2.3871415131303584,2.2208584868696413,2.304,1.3407400941271206,1.0,150.0,150.0,150.0,0.0,runs/thesis_v2/confirm/pdet_1p00/multi/bayes_qmix_shared/seed45/evaluation/final_test_posterior_sample_independent_episodes.csv,150.0,150.0,150.0,0.0,1000,200000,independent,,53.00357439173128,43.116275795534634,48.059925093632955,41.136979600246455,20.82573204002062,17.017405214881343,18.92156862745098,29.41933235975379,False,memory_union,0.29443348270952074,0.23956651729047926,0.267,0.44239235978936164,0.9350138106064265,0.9009861893935736,0.918,0.27436472076416824,,0.11573239338088895,0.07976760661911106,0.09775,0.28998408720709723,233.35206257140646,225.52193742859356,229.437,0.50986,63.1343015404463,0.8773044444444444,395.86512864530414,393.7088713546958,394.787,17.385903226464826,0.19696005228509486,0.19043494795660196,0.1936975001208484,0.05261191829559347,3,,,,,,posterior_sample_independent,,,,,2.564082145690918,,0.11582522839307785,0.060409557074308395,0.0009320058161392808,,-6.582324297308811,-6.989753113464112,-6.786038705386462,task_potential,0.0,0.0,0.0,0.0,-0.3703790291218096,-0.5005409708781908,-0.4354600000000002,1.0494957781715948,2.043322787331231,1.5886772126687692,1.816,3.6658074144722876,-5.770809915028406,-6.062347495744519,-5.9165787053864625,2.350667606915299,-2.2499999999999964,-2.2499999999999964,-2.2499999999999964,0.0,3.2850986754695963,,1,multi,,,,,,,,,,9.043787381469405,7.682212749703423,8.363000065586414,10.978376693077323,0.055753333770576,0.0,runs/thesis_v2/confirm/pdet_1p00/multi/bayes_qmix_shared/seed45/evaluation/final_test_posterior_sample_independent_summary.json,0.4765373711018497,0.46208262899232566,0.46931000004708767,0.1165485902699426,187.61494842255274,181.83305157744724,184.724,1.2314933333333333,46.619436118425966,0.003002222222222222,1.4849193213207976,1.2170806786792023,1.351,2.159583061611662,shared,45
0.0,0.0,0.0,0.0,0.0,0.0,0.0,0.0,0.0,0.0,0.0,0.0,0.0,0.0,0.0,0.0,0.0,0.0,0.0,0.0,bayes_qmix_shared,,,,0.0,0.0,0.0,0.0,0.0,runs/thesis_v2/confirm/pdet_1p00/multi/bayes_qmix_shared/seed45/best.pt,0.06328,32.26641771556868,24.68558228443132,28.476,61.12427851516941,0.34747503823126397,0.28052496176873604,0.314,0.5398184880124058,0.4352034375845849,0.3467965624154151,0.391,0.7128246628729957,0.25138017603975693,0.2321943285635318,0.24178725230164436,0.154695494360626,450.0,450.0,450.0,0.0,1.8548749150347141,1.7231250849652857,1.789,1.062298922149505,0.17551704863051984,2.3319706562873654,2.1580293437126348,2.245,1.4024888591357867,1.0,150.0,150.0,150.0,0.0,runs/thesis_v2/confirm/pdet_1p00/multi/bayes_qmix_shared/seed45/evaluation/final_test_posterior_sample_shared_episodes.csv,150.0,150.0,150.0,0.0,1000,200000,shared,,57.71615333310046,47.099731143433836,52.40794223826715,44.99317647933555,19.007136829085177,15.329967243313016,17.168552036199095,27.87455508129814,False,memory_union,0.3047512378968003,0.24924876210319974,0.277,0.4475164801434691,0.9038576775519636,0.8641423224480365,0.884,0.32022492095400695,,0.16144202130689106,0.11989131202644225,0.14066666666666666,0.33502338226856143,228.76353300119206,220.58846699880792,224.676,0.49928,65.91555980191627,0.8812911111111111,397.7275407438638,395.4344592561362,396.581,18.48911677176603,0.19313627781266055,0.18632372279173057,0.18973000030219556,0.05492963332100256,3,,,,,,posterior_sample_shared,,,,,2.564082145690918,,0.11582522839307785,0.060409557074308395,0.0009320058161392808,,-6.467838869082653,-6.890928374154111,-6.679383621618382,task_potential,0.0,0.0,0.0,0.0,-0.49371164568862663,-0.6453283543113739,-0.5695200000000002,1.2224855703033886,2.1029600453935013,1.6410399546064989,1.872,3.724461840320021,-5.580349047071732,-5.883378196165032,-5.731863621618382,2.4433241264300465,-2.2499999999999964,-2.2499999999999964,-2.2499999999999964,0.0,3.41137081522861,,1,multi,,,,,,,,,,12.275164905730184,10.580660084741213,11.427912495235699,13.662792915673089,0.07618608330157135,0.0,runs/thesis_v2/confirm/pdet_1p00/multi/bayes_qmix_shared/seed45/evaluation/final_test_posterior_sample_shared_summary.json,0.457930497539155,0.4431145018814879,0.45052249971032143,0.11946137774460516,180.17219912853417,174.24580087146583,177.209,1.1813933333333333,47.784551049476235,0.003013333333333333,1.4985629488218337,1.2134370511781665,1.356,2.29897020424363,shared,45
0.0,0.0,0.0,0.0,0.0,0.0,0.0,0.0,0.0,0.0,0.0,0.0,0.0,0.0,0.0,0.0,0.0,0.0,0.0,0.0,bayes_qmix_shared,,,,0.0,0.0,0.0,0.0,0.0,runs/thesis_v2/confirm/pdet_1p00/multi/bayes_qmix_shared/seed46/best.pt,0.030475555555555554,16.13795638431046,11.290043615689541,13.714,39.08872220986508,0.34257235635317773,0.27742764364682226,0.31,0.5252618394667558,0.427638368524962,0.342361631475038,0.385,0.6875863582125521,0.24745852530253382,0.23003214571778735,0.23874533551016058,0.14050890418673756,450.0,450.0,450.0,0.0,2.0388688437592326,1.9071311562407676,1.973,1.062201016757186,0.15712113532691332,2.5466034456404407,2.373396554359559,2.46,1.3965672200076873,1.0,150.0,150.0,150.0,0.0,runs/thesis_v2/confirm/pdet_1p00/multi/bayes_qmix_shared/seed46/evaluation/final_test_posterior_mean_episodes.csv,150.0,150.0,150.0,0.0,1000,200000,mean,,38.37720650709807,31.294222064330505,34.83571428571429,30.18090946141894,12.263210728093942,10.034708220427415,11.148959474260678,17.168188746395863,False,memory_union,0.3078431643640195,0.25215683563598057,0.28,0.4489988864128729,0.9304770585962621,0.895522941403738,0.913,0.2818350581457176,,0.12544594263022643,0.08888739070310689,0.10716666666666666,0.2947716159258818,247.61231968736035,239.20968031263965,243.411,0.5409133333333334,67.75048397613112,0.8692066666666667,392.2683510458955,390.01764895410446,391.143,18.147411688722997,0.20884360001605787,0.2018414004929658,0.20534250025451184,0.056458737002822904,3,,,,,,posterior_mean,,,,,2.7141127586364746,,0.10386645048856735,0.049299467355012894,0.001174301840364933,,-7.268614938258483,-7.655592056781486,-7.462103497519984,task_potential,0.0,0.0,0.0,0.0,-0.22580087231379084,-0.3227591276862093,-0.2742800000000001,0.7817744441973022,2.0630213657243845,1.6169786342756158,1.84,3.5964426868782438,-6.626590366800859,-6.929056628239111,-6.777823497519985,2.438785563086669,-2.2499999999999964,-2.2499999999999964,-2.2499999999999964,0.0,3.12019663089414,,1,multi,,,,,,,,,,8.647499707338815,7.225622197566063,7.936560952452439,11.464598817806799,0.05291040634968298,0.0,runs/thesis_v2/confirm/pdet_1p00/multi/bayes_qmix_shared/seed46/evaluation/final_test_posterior_mean_summary.json,0.4954433272128543,0.48097667328067223,0.48821000024676325,0.1166446352998586,195.17733078173285,189.39066921826713,192.284,1.2818933333333333,46.65785404409423,0.002648888888888889,1.3099059297315696,1.0740940702684303,1.192,1.9013510985612312,shared,46
0.0,0.0,0.0,0.0,0.0,0.0,0.0,0.0,0.0,0.0,0.0,0.0,0.0,0.0,0.0,0.0,0.0,0.0,0.0,0.0,bayes_qmix_shared,,,,0.0,0.0,0.0,0.0,0.0,runs/thesis_v2/confirm/pdet_1p00/multi/bayes_qmix_shared/seed46/best.pt,0.053017777777777775,27.270624768383918,20.445375231616083,23.858,55.03198920627892,0.36787698511556954,0.3001230148844305,0.334,0.5463002837268164,0.4630290027947843,0.37297099720521565,0.418,0.7261377279827843,0.2554827197167454,0.23765782633980093,0.24657027302827317,0.1437221210211776,450.0,450.0,450.0,0.0,2.077152268015992,1.9468477319840083,2.012,1.0506455158615582,0.16600397614314116,2.5792060007567836,2.408793999243217,2.494,1.3740320229164966,1.0,150.0,150.0,150.0,0.0,runs/thesis_v2/confirm/pdet_1p00/multi/bayes_qmix_shared/seed46/evaluation/final_test_posterior_sample_independent_episodes.csv,150.0,150.0,150.0,0.0,1000,200000,independent,,44.280214382280555,35.9077050808067,40.09395973154363,36.80847259518282,13.533885158975522,10.895308740806612,12.214596949891067,20.383008120601882,False,memory_union,0.3263628596126238,0.2696371403873762,0.298,0.45737949232557423,0.9350138106064265,0.9009861893935736,0.918,0.2743647207641682,,0.12148667993614382,0.08517998673052285,0.10333333333333333,0.2927408789735766,260.12752062479683,251.3644793752032,255.746,0.5683244444444444,70.6564044089423,0.8574511111111112,387.06750012326677,384.63849987673325,385.853,19.585029767656724,0.21927293420952082,0.21197039978582144,0.21562166699767113,0.05888033740284542,3,,,,,,posterior_sample_independent,,,,,2.7141127586364746,,0.10386645048856735,0.049299467355012894,0.001174301840364933,,-7.3145983523054205,-7.735492889631349,-7.525045620968385,task_potential,0.0,0.0,0.0,0.0,-0.40890750463232184,-0.5454124953676786,-0.4771600000000002,1.100639784125579,2.2446208773062453,1.7713791226937547,2.008,3.815748419379873,-6.653404344318666,-6.958366897618104,-6.805885620968385,2.4589131651648866,-2.2499999999999964,-2.2499999999999964,-2.2499999999999964,0.0,3.393672789591682,,1,multi,,,,,,,,,,9.442575796566615,7.938197035751944,8.69038641615928,12.129806431445694,0.05793590944106185,0.0,runs/thesis_v2/confirm/pdet_1p00/multi/bayes_qmix_shared/seed46/evaluation/final_test_posterior_sample_independent_summary.json,0.5167349753227485,0.5014750237319218,0.5091049995273351,0.12304099457620686,203.69399033113785,197.59000966886214,200.642,1.3376133333333333,49.2163980396778,0.0027866666666666665,1.3741408255022094,1.1338591744977906,1.254,1.9373910291936423,shared,46
0.0,0.0,0.0,0.0,0.0,0.0,0.0,0.0,0.0,0.0,0.0,0.0,0.0,0.0,0.0,0.0,0.0,0.0,0.0,0.0,bayes_qmix_shared,,,,0.0,0.0,0.0,0.0,0.0,runs/thesis_v2/confirm/pdet_1p00/multi/bayes_qmix_shared/seed46/best.pt,0.06966666666666667,35.26298240221958,27.437017597780425,31.35,63.100756730803155,0.32312173837880626,0.2588782616211937,0.291,0.5179951737226902,0.4110780649667703,0.3249219350332297,0.368,0.694676903315491,0.27343512090742483,0.25398901384385963,0.26371206737564223,0.15679396749690813,450.0,450.0,450.0,0.0,2.0660358624925514,1.9339641375074488,2.0,1.0648943609579309,0.1455,2.5743245013256906,2.4016754986743094,2.488,1.3920689638089054,1.0,150.0,150.0,150.0,0.0,runs/thesis_v2/confirm/pdet_1p00/multi/bayes_qmix_shared/seed46/evaluation/final_test_posterior_sample_shared_episodes.csv,150.0,150.0,150.0,0.0,1000,200000,shared,,44.30620803063943,35.17470799989491,39.74045801526717,37.63364739942323,13.284427456800112,10.765356092983437,12.024891774891774,19.523391106899506,False,memory_union,0.2892679289560016,0.23473207104399843,0.262,0.43972263985380605,0.9404329717629211,0.907567028237079,0.924,0.2649981132008302,,0.12233082534407377,0.08616917465592622,0.10425,0.2915714011086212,259.9270548972499,249.8689451027501,254.898,0.56644,81.09854250231628,0.8595222222222222,388.1719926428902,385.39800735710986,386.785,22.366644249864574,0.21910588004233003,0.21072412181852698,0.2149150009304285,0.06758211924957787,3,,,,,,posterior_sample_shared,,,,,2.7141127586364746,,0.10386645048856735,0.049299467355012894,0.001174301840364933,,-7.608540983584143,-8.041895007793253,-7.825217995688697,task_potential,0.0,0.0,0.0,0.0,-0.5487403519556087,-0.7052596480443918,-0.6270000000000002,1.2620151346160635,2.007199739175646,1.5528002608243543,1.78,3.6638231398363104,-6.575151805927797,-6.8812841854496,-6.7282179956886985,2.4683454743713953,-2.2499999999999964,-2.2499999999999964,-2.2499999999999964,0.0,3.4941336363310227,,1,multi,,,,,,,,,,13.486653600589264,11.580719627559098,12.533686614074181,15.367546236462841,0.08355791076049454,0.0,runs/thesis_v2/confirm/pdet_1p00/multi/bayes_qmix_shared/seed46/evaluation/final_test_posterior_sample_shared_summary.json,0.5043770982466488,0.4877778995640726,0.4960774989053607,0.13383934430696365,198.75083975127063,192.1111602487294,195.431,1.3028733333333333,53.53573796073049,0.002448888888888889,1.215730052837931,0.9882699471620693,1.102,1.8340109050929878,shared,46
0.0,0.0,0.0,0.0,0.0,0.0,0.0,0.0,0.0,0.0,0.0,0.0,0.0,0.0,0.0,0.0,0.0,0.0,0.0,0.0,qmix_ddqn,,,,0.0,0.0,0.0,0.0,0.0,runs/thesis_v2/confirm/pdet_1p00/multi/qmix_ddqn/seed43/best.pt,0.09665555555555555,47.25195044521588,39.73804955478411,43.495,60.58458529197011,0.40408289812552667,0.3319171018744733,0.368,0.5818728383418494,0.5072065944259304,0.4107934055740696,0.459,0.7773795726670466,0.3445964423304788,0.3269066272109804,0.3357515347707296,0.14263298498802143,450.0,450.0,450.0,0.0,2.6194709128834988,2.496529087116501,2.558,0.991279980631103,0.14386239249413604,3.275051962116675,3.1129480378833247,3.194,1.307043993138716,1.0,150.0,150.0,150.0,0.0,runs/thesis_v2/confirm/pdet_1p00/multi/qmix_ddqn/seed43/evaluation/final_test_deterministic_episodes.csv,150.0,150.0,150.0,0.0,1000,200000,,,58.6546875929906,48.83427139754568,53.74447949526814,44.533555308198565,18.709385956553003,15.540360236340401,17.124873096446702,25.35929911057943,False,memory_union,0.3458544838602051,0.2881455161397949,0.317,0.4653074252577537,0.9925376691660258,0.9774623308339742,0.985,0.12155245781143219,,0.07773774507481772,0.05309558825851558,0.06541666666666665,0.19868971832147397,350.9238523178175,341.2941476821825,346.109,0.7691311111111111,77.6443115688458,0.7919888888888889,357.7867949045086,355.00320509549135,356.395,22.44408552380783,0.2949365437426036,0.2869117898992831,0.29092416682094335,0.06470359281512655,3,,,,,,deterministic,,,,,,,,,,,-8.021404707476824,-8.473511122472912,-8.247457914974868,task_potential,0.0,0.0,0.0,0.0,-0.7947609910956828,-0.9450390089043181,-0.8699000000000005,1.2116917058394026,2.452411053918287,1.9475889460817137,2.2,4.070380817564863,-7.190017662345976,-7.465098167603763,-7.32755791497487,2.2179742022110887,-2.2499999999999964,-2.2499999999999964,-2.2499999999999964,0.0,3.6453341692670995,,1,multi,,,,,,,,,,12.448662492492426,11.023375560865693,11.73601902667906,11.49208898731006,0.07824012684452705,0.0,runs/thesis_v2/confirm/pdet_1p00/multi/qmix_ddqn/seed43/evaluation/final_test_deterministic_summary.json,0.6409316928862256,0.6254483069301922,0.6331899999082089,0.12484254593460523,253.37267720358156,247.17932279641846,250.276,1.6685066666666666,49.93701857339904,0.00298,1.4637880736123074,1.2182119263876925,1.341,1.980080553916936,,43
0.0,0.0,0.0,0.0,0.0,0.0,0.0,0.0,0.0,0.0,0.0,0.0,0.0,0.0,0.0,0.0,0.0,0.0,0.0,0.0,qmix_ddqn,,,,0.0,0.0,0.0,0.0,0.0,runs/thesis_v2/confirm/pdet_1p00/multi/qmix_ddqn/seed44/best.pt,0.12248222222222223,59.51805388883959,50.715946111160406,55.117,70.97139783743872,0.3123780816240638,0.24962191837593628,0.281,0.5060029644181938,0.3801115242090646,0.29988847579093547,0.34,0.6468384651518492,0.3037414027203227,0.2833950623375603,0.2935682325289415,0.16405254903862468,450.0,450.0,450.0,0.0,2.1817014589800876,2.0502985410199126,2.116,1.059501769701212,0.1327977315689981,2.730222162137374,2.557777837862626,2.644,1.3904186419924036,1.0,150.0,150.0,150.0,0.0,runs/thesis_v2/confirm/pdet_1p00/multi/qmix_ddqn/seed44/evaluation/final_test_deterministic_episodes.csv,150.0,150.0,150.0,0.0,1000,200000,,,56.203036410652295,44.93082185706424,50.56692913385827,45.73866032198686,23.12183446188726,18.893043327698287,21.007438894792774,33.07456149995299,False,memory_union,0.2809935248677305,0.22700647513226951,0.254,0.4352975993501457,0.955611477874797,0.9263885221252028,0.941,0.23562470159132295,,0.12160045755799664,0.08673287577533667,0.10416666666666666,0.2811373231082,288.2227063854043,278.0272936145957,283.125,0.6291666666666667,82.20561644437684,0.8253044444444444,372.9717360175294,369.8022639824706,371.387,25.555454036271787,0.24268559010776986,0.23418941274580252,0.23843750142678619,0.06850468079733174,3,,,,,,deterministic,,,,,,,,,,,-7.642514687266374,-8.032100224184035,-7.837307455725204,task_potential,0.0,0.0,0.0,0.0,-1.0143189222232085,-1.1903610777767921,-1.1023400000000003,1.4194279567487744,1.802311427263299,1.3896885727367012,1.596,3.3269782085249666,-5.93244507710655,-6.229489834343857,-6.080967455725204,2.395071972973831,-2.2499999999999964,-2.2499999999999964,-2.2499999999999964,0.0,3.1412283092477264,,1,multi,,,,,,,,,,14.577812295629922,12.797500414259702,13.687656354944812,14.354655271076382,0.09125104236629886,0.0,runs/thesis_v2/confirm/pdet_1p00/multi/qmix_ddqn/seed44/evaluation/final_test_deterministic_summary.json,0.5462978222057915,0.5294871772541905,0.537892499729991,0.13554423564199694,215.51912897915506,208.79487102084497,212.157,1.41438,54.21769407674952,0.0021,1.045985272120172,0.844014727879828,0.945,1.628488563054712,,44
0.0,0.0,0.0,0.0,0.0,0.0,0.0,0.0,0.0,0.0,0.0,0.0,0.0,0.0,0.0,0.0,0.0,0.0,0.0,0.0,qmix_ddqn,,,,0.0,0.0,0.0,0.0,0.0,runs/thesis_v2/confirm/pdet_1p00/multi/qmix_ddqn/seed45/best.pt,0.07317111111111112,36.22416601581562,29.62983398418438,32.927,53.170101288224004,0.42029372211091975,0.34770627788908026,0.384,0.5852725860656726,0.5239307980300746,0.42806920196992543,0.476,0.7729320798103803,0.32248122227163956,0.3034211633163215,0.31295119279398054,0.15368126147616654,450.0,450.0,450.0,0.0,2.5563249501386633,2.433675049861337,2.495,0.9889261853141517,0.15390781563126252,3.2063792584164816,3.045620741583518,3.126,1.2961959728374408,1.0,150.0,150.0,150.0,0.0,runs/thesis_v2/confirm/pdet_1p00/multi/qmix_ddqn/seed45/evaluation/final_test_deterministic_episodes.csv,150.0,150.0,150.0,0.0,1000,200000,,,64.46570689864545,54.061239209138975,59.26347305389221,48.43462209905241,27.510907367452347,23.004305614292072,25.25760649087221,36.08122131235014,False,memory_union,0.36324715826651655,0.3047528417334835,0.334,0.47163969298607605,0.9932857757945828,0.9787142242054172,0.986,0.11749042514179613,,0.06475230659783188,0.04274769340216812,0.05375,0.17742320326145494,329.64259244498083,320.05940755501916,324.851,0.7218911111111112,77.2692228445453,0.8037311111111111,363.1309204646019,360.22707953539805,361.679,23.41367034448038,0.27720216084116467,0.26921617343431936,0.273209167137742,0.06439101902538108,3,,,,,,deterministic,,,,,,,,,,,-6.905779729288721,-7.356783596201916,-7.131281662745319,task_potential,0.0,0.0,0.0,0.0,-0.5925966796836879,-0.7244833203163128,-0.6585400000000003,1.0634020257644805,2.522438169499664,2.0215618305003358,2.272,4.038566082163322,-6.351081205839353,-6.638402119651287,-6.49474166274532,2.3166686203130933,-2.2499999999999964,-2.2499999999999964,-2.2499999999999964,0.0,3.6364443237207373,,1,multi,,,,,,,,,,10.134285327186491,8.800144251817882,9.467214789502187,10.757179919037455,0.0631147652633479,0.0,runs/thesis_v2/confirm/pdet_1p00/multi/qmix_ddqn/seed45/evaluation/final_test_deterministic_summary.json,0.6143336106563149,0.5992613907730044,0.6067975007146597,0.12152731375823027,242.73344395160365,236.70455604839634,239.719,1.5981266666666667,48.61092509919966,0.0029422222222222224,1.4451851824558055,1.2028148175441946,1.324,1.9542323300979336,,45
0.0,0.0,0.0,0.0,0.0,0.0,0.0,0.0,0.0,0.0,0.0,0.0,0.0,0.0,0.0,0.0,0.0,0.0,0.0,0.0,qmix_ddqn,,,,0.0,0.0,0.0,0.0,0.0,runs/thesis_v2/confirm/pdet_1p00/multi/qmix_ddqn/seed46/best.pt,0.10936666666666667,53.21235366370713,45.21764633629288,49.215,64.46132774772794,0.3478002972471211,0.2821997027528789,0.315,0.5289376144688521,0.44310240878751256,0.3548975912124875,0.399,0.7111954724265334,0.31933384625961564,0.3008857854187423,0.31010981583917896,0.14874672048291046,450.0,450.0,450.0,0.0,2.4106059454881796,2.27739405451182,2.344,1.074087519711499,0.13438566552901024,3.0182634003660382,2.843736599633962,2.931,1.407209650336438,1.0,150.0,150.0,150.0,0.0,runs/thesis_v2/confirm/pdet_1p00/multi/qmix_ddqn/seed46/evaluation/final_test_deterministic_episodes.csv,150.0,150.0,150.0,0.0,1000,200000,,,54.45257212312105,44.82911801772402,49.640845070422536,41.29886632644093,18.63115654028923,15.520768537754472,17.07596253902185,24.584654967470346,False,memory_union,0.3119633377596212,0.25603666224037874,0.284,0.45093680266751346,0.9730051426417952,0.9489948573582048,0.961,0.19359493795035035,,0.09377780150148288,0.06355553183185045,0.07866666666666666,0.2436821700494314,317.97755765294,308.71444234706,313.346,0.6963244444444444,74.68850168533307,0.8052911111111111,363.7827869387764,360.97921306122356,362.381,22.60521707482589,0.2674812987773707,0.2597620361120412,0.26362166744470594,0.06224041734890443,3,,,,,,deterministic,,,,,,,,,,,-8.148408161195904,-8.578606248842503,-8.363507205019204,task_potential,0.0,0.0,0.0,0.0,-0.9043529267258579,-1.064247073274143,-0.9843000000000004,1.2892265549545594,2.1654421840518436,1.6985578159481562,1.932,3.7644888099182863,-6.915165270014288,-7.207249140024116,-7.061207205019202,2.355072337665916,-2.2499999999999964,-2.2499999999999964,-2.2499999999999964,0.0,3.46868731881424,,1,multi,,,,,,,,,,13.336568914401832,11.828216212083886,12.582392563242859,12.161848323062479,0.0838826170882856,0.0,runs/thesis_v2/confirm/pdet_1p00/multi/qmix_ddqn/seed46/evaluation/final_test_deterministic_summary.json,0.5966168724221039,0.5810881263393115,0.5888524993807077,0.12520828465122666,235.646749211452,229.435250788548,232.541,1.5502733333333334,50.08331377814371,0.002468888888888889,1.2198066732261332,1.0021933267738667,1.111,1.754616482311733,,46
0.0,0.0,0.0,0.0,0.0,0.0,0.0,0.0,0.0,0.0,0.0,0.0,0.0,0.0,0.0,0.0,0.0,0.0,0.0,0.0,shared_ddqn,,,,0.0,0.0,0.0,0.0,0.0,runs/thesis_v2/confirm/pdet_1p00/multi/shared_ddqn/seed43/best.pt,0.03044,16.22319258820414,11.172807411795862,13.698,40.7212572988605,0.19578597423784103,0.146214025762159,0.171,0.39969863647503223,0.2424540830637303,0.17754591693626967,0.21,0.523354564325181,0.13113266525568187,0.11367402419428722,0.12240334472498454,0.14076902848330974,450.0,450.0,450.0,0.0,1.2372313365375136,1.1107686634624863,1.174,1.0196685736061497,0.14565587734241908,1.5307848638952366,1.3672151361047635,1.449,1.3188627676904068,1.0,150.0,150.0,150.0,0.0,runs/thesis_v2/confirm/pdet_1p00/multi/shared_ddqn/seed43/evaluation/final_test_deterministic_episodes.csv,150.0,150.0,150.0,0.0,1000,200000,,,47.05482003786514,33.32789601151758,40.19135802469136,44.432433648002714,42.09720153788416,35.37154846211584,38.734375,45.491060062743124,False,memory_union,0.1848482448317566,0.1391517551682434,0.162,0.3684508108282569,0.7323077604854871,0.6756922395145128,0.704,0.45649096376598747,,0.3260053148592213,0.269328018474112,0.29766666666666663,0.4569890589499928,138.72701850516268,131.54898149483734,135.138,0.30030666666666667,57.87651471883911,0.9298666666666666,419.45548209226934,417.42451790773066,418.44,16.375664871998328,0.11810584860316478,0.11212415109553375,0.11511499984934927,0.04823042892451744,3,,,,,,deterministic,,,,,,,,,,,-4.643103313606014,-4.947010182847006,-4.79505674822651,task_potential,0.0,0.0,0.0,0.0,-0.22345614823591733,-0.324463851764083,-0.27396000000000015,0.8144251459772105,1.164780918153483,0.827219081846517,0.996,2.7217611945209303,-3.1358838401592846,-3.3983096562937383,-3.2670967482265114,2.1159394397467333,-2.2499999999999964,-2.2499999999999964,-2.2499999999999964,0.0,2.4504011842626925,,1,multi,,,,,,,,,,7.443285694372951,6.07339627964438,6.7583409870086655,11.045418790774217,0.04505560658005776,0.0,runs/thesis_v2/confirm/pdet_1p00/multi/shared_ddqn/seed43/evaluation/final_test_deterministic_summary.json,0.31203498719671335,0.29756001210173993,0.30479749964922664,0.11671172883811691,121.8139950291289,116.02400497087109,118.919,0.7927933333333333,46.684691698671415,0.0013622222222222221,0.6959017449087105,0.5300982550912895,0.613,1.3368735916308616,,43
0.0,0.0,0.0,0.0,0.0,0.0,0.0,0.0,0.0,0.0,0.0,0.0,0.0,0.0,0.0,0.0,0.0,0.0,0.0,0.0,shared_ddqn,,,,0.0,0.0,0.0,0.0,0.0,runs/thesis_v2/confirm/pdet_1p00/multi/shared_ddqn/seed44/best.pt,0.07669333333333334,38.7687656397459,30.2552343602541,34.512,68.64460543990327,0.2663737039647043,0.2096262960352957,0.238,0.45755436835418806,0.3344537566805987,0.2595462433194013,0.297,0.6039793042811981,0.17041101532121933,0.1518512238448384,0.16113111958302886,0.14964760463288046,450.0,450.0,450.0,0.0,1.5016668561558868,1.3683331438441133,1.435,1.0750697651780559,0.16585365853658537,1.8699471304937725,1.6960528695062274,1.783,1.4021094821732003,1.0,150.0,150.0,150.0,0.0,runs/thesis_v2/confirm/pdet_1p00/multi/shared_ddqn/seed44/evaluation/final_test_deterministic_episodes.csv,150.0,150.0,150.0,0.0,1000,200000,,,50.235988751228724,39.18623347099349,44.71111111111111,42.18816170034339,27.459680474039345,23.11355184919298,25.286616161616163,31.182056201502782,False,memory_union,0.2508949715108851,0.19910502848911493,0.225,0.4175823272122517,0.8171690941613102,0.7668309058386898,0.792,0.4058768286069063,,0.24106513924375067,0.19043486075624932,0.21575,0.4082319517001198,173.76531082347,165.69868917653,169.732,0.3771822222222222,65.04117292915312,0.90594,408.83857842989215,406.50742157010785,407.673,18.796118508883687,0.14730442587065495,0.14058224107545814,0.14394333347305655,0.05420097816190188,3,,,,,,deterministic,,,,,,,,,,,-5.807738701448756,-6.182916791665244,-5.995327746557,task_potential,0.0,0.0,0.0,0.0,-0.6051046872050821,-0.7753753127949182,-0.6902400000000002,1.3728921087980663,1.6210783102697472,1.2269216897302526,1.424,3.178084957958173,-4.33007784360039,-4.628097649513612,-4.479087746557001,2.4029337907607835,-2.2499999999999964,-2.2499999999999964,-2.2499999999999964,0.0,3.0250610618705056,,1,multi,,,,,,,,,,10.245498453673767,8.643164673463671,9.444331563568719,12.919617784280526,0.06296221042379149,0.0,runs/thesis_v2/confirm/pdet_1p00/multi/shared_ddqn/seed44/evaluation/final_test_deterministic_summary.json,0.37605655401880206,0.36073844455247456,0.3683974992856383,0.12350992154504231,147.42262189564408,141.29537810435593,144.359,0.9623933333333333,49.403968656374154,0.0018022222222222222,0.9045796567559348,0.7174203432440653,0.811,1.5090656049357165,,44
0.0,0.0,0.0,0.0,0.0,0.0,0.0,0.0,0.0,0.0,0.0,0.0,0.0,0.0,0.0,0.0,0.0,0.0,0.0,0.0,shared_ddqn,,,,0.0,0.0,0.0,0.0,0.0,runs/thesis_v2/confirm/pdet_1p00/multi/shared_ddqn/seed45/best.pt,0.07526444444444444,37.109378017577455,30.628621982422544,33.869,52.25433799217057,0.32107141877594914,0.2569285812240508,0.289,0.5171837197747045,0.41253372816435424,0.32546627183564575,0.369,0.7020249283323208,0.2959687058815422,0.2764517381749668,0.2862102220282545,0.15736531688425023,450.0,450.0,450.0,0.0,2.2720231665472124,2.1399768334527876,2.206,1.0646896261352414,0.13100634632819583,2.846068961339766,2.6739310386602337,2.76,1.3879481258317978,1.0,150.0,150.0,150.0,0.0,runs/thesis_v2/confirm/pdet_1p00/multi/shared_ddqn/seed45/evaluation/final_test_deterministic_episodes.csv,150.0,150.0,150.0,0.0,1000,200000,,,60.555545573817724,49.90005288178074,55.22779922779923,43.66136625070967,24.348081051911148,20.381706182131406,22.364893617021277,31.005624772642044,False,memory_union,0.2861664139047546,0.2318335860952454,0.259,0.43808560807221225,0.9547269522686509,0.925273047731349,0.94,0.23748684174075838,,0.10569410205761841,0.07280589794238158,0.08925,0.26517760034026666,294.9662653260832,286.29173467391684,290.629,0.6458422222222222,69.94274343346848,0.8209333333333333,370.74182553512384,368.0981744648762,369.42,21.315759428178954,0.24830522164143246,0.24107644619606813,0.2446908339187503,0.05828561873684895,3,,,,,,deterministic,,,,,,,,,,,-7.253739212438312,-7.692370950662456,-7.473055081550384,task_potential,0.0,0.0,0.0,0.0,-0.6125724396484512,-0.7421875603515494,-0.6773800000000003,1.0450867598434117,2.0267498955334298,1.5652501044665703,1.796,3.7210729635415647,-6.197876738922859,-6.485473424177912,-6.3416750815503855,2.318892165547507,-2.2499999999999964,-2.2499999999999964,-2.2499999999999964,0.0,3.5366878461287174,,1,multi,,,,,,,,,,10.684403277540966,9.256663514665476,9.970533396103221,11.5118661664563,0.06647022264068814,0.0,runs/thesis_v2/confirm/pdet_1p00/multi/shared_ddqn/seed45/evaluation/final_test_deterministic_summary.json,0.5667195389102269,0.5518804606665801,0.5592999997884035,0.1196474926427694,223.68781564917492,217.75218435082508,220.72,1.4714666666666667,47.858997064292936,0.0022822222222222224,1.1303991317857844,0.9236008682142153,1.027,1.6674144655723724,,45
0.0,0.0,0.0,0.0,0.0,0.0,0.0,0.0,0.0,0.0,0.0,0.0,0.0,0.0,0.0,0.0,0.0,0.0,0.0,0.0,shared_ddqn,,,,0.0,0.0,0.0,0.0,0.0,runs/thesis_v2/confirm/pdet_1p00/multi/shared_ddqn/seed46/best.pt,0.048855555555555555,25.09781759173251,18.872182408267488,21.985,50.19729848308572,0.28499563465069705,0.22500436534930293,0.255,0.48370962363798387,0.3404742854190399,0.2655257145809601,0.303,0.6043103507304834,0.16684845915314606,0.14813409546281736,0.1574912773079817,0.15089392044356828,450.0,450.0,450.0,0.0,1.5082287966907983,1.3757712033092016,1.442,1.0680056179627522,0.1768377253814147,1.8758340778999165,1.7041659221000836,1.79,1.3841603953299633,1.0,150.0,150.0,150.0,0.0,runs/thesis_v2/confirm/pdet_1p00/multi/shared_ddqn/seed46/evaluation/final_test_deterministic_episodes.csv,150.0,150.0,150.0,0.0,1000,200000,,,49.6573858677746,37.64733516226831,43.652360515021456,46.66623528727378,40.09789431688385,34.40526623937404,37.25158027812895,40.816925536734985,False,memory_union,0.2592149461376712,0.20678505386232884,0.233,0.422742238249267,0.8162135914854587,0.7657864085145414,0.791,0.40659439248469725,,0.24609443668509992,0.19523889664823343,0.22066666666666668,0.41004823564497334,173.32500695137682,164.69499304862316,169.01,0.3755777777777778,69.58380486866179,0.9070333333333334,409.4080325330893,406.92196746691076,408.165,20.045143426775475,0.14693750630428407,0.13974582799414778,0.14334166714921592,0.05798650452359448,3,,,,,,deterministic,,,,,,,,,,,-5.042120238041827,-5.396614589319185,-5.219367413680506,task_potential,0.0,0.0,0.0,0.0,-0.3774436481653499,-0.5019563518346505,-0.4397000000000002,1.003945969661715,1.5941725106270572,1.2138274893729426,1.404,3.06672202848579,-3.795276278259332,-4.0720585491016825,-3.9336674136805074,2.2316955386658033,-2.2499999999999964,-2.2499999999999964,-2.2499999999999964,0.0,2.8582880681635667,,1,multi,,,,,,,,,,9.52012892433125,8.00047786182678,8.760303393079015,12.252947004873862,0.05840202262052685,0.0,runs/thesis_v2/confirm/pdet_1p00/multi/shared_ddqn/seed46/evaluation/final_test_deterministic_summary.json,0.3741222966557492,0.35772770280929916,0.3659249997325242,0.13218961544758792,146.64891876392514,140.09108123607487,143.37,0.9558,52.8758460925213,0.0019333333333333333,0.967480665981723,0.772519334018277,0.87,1.5719732822156998,,46
0.0,0.0,0.0,0.0,0.0,0.0,0.0,0.0,0.0,0.0,0.0,0.0,0.0,0.0,0.0,0.0,0.0,0.0,0.0,0.0,bdqn,,1.0,1.0,0.0,0.0,0.0,0.0,0.0,runs/thesis_v2/confirm/pdet_1p00/single/bdqn/seed43/best.pt,,,,,,0.16612208781216567,0.12187791218783431,0.144,0.35674080226405275,0.20945390453730187,0.15054609546269812,0.18,0.4749736834815167,,,,,150.0,150.0,150.0,0.0,1.1532711529490487,1.0507288470509515,1.102,0.8267986453786678,0.1306715063520871,1.4707853232477268,1.333214676752273,1.402,1.1092321668613834,1.0,,,,,runs/thesis_v2/confirm/pdet_1p00/single/bdqn/seed43/evaluation/final_test_posterior_mean_episodes.csv,150.0,150.0,150.0,0.0,1000,200000,,True,60.9992718663576,45.70495348575507,53.352112676056336,46.3290735814659,43.6458904358974,38.565995869012156,41.10594315245478,36.029511888906306,False,,0.16364517709078147,0.1203548229092185,0.142,0.3490501396647765,0.7999357031734075,0.7480642968265926,0.774,0.4182391660282428,,,,,,,,,,,,,,,,,,,,,105.78743822891815,99.44056177108186,102.614,0.6840933333333333,51.17486691726711,posterior_mean,149.98629575196554,149.96770424803447,149.977,0.14990330216509573,,33,,,,0.9998466666666667,-2.4832662771832315,-2.7507670520116987,-2.617016664597465,task_potential,,,,,,,,,6.669399874369218,5.499614210137824,6.084507042253521,3.543478353468482,-2.6462284768875604,-2.815804852307372,-2.7310166645974663,1.3672943694542639,-0.7500000000000004,-0.7500000000000004,-0.7500000000000004,1.1102230246251565e-16,2.1568588333259378,,1,single,0.2669685950780429,0.25110140399838315,0.259034999538213,0.1279371667696293,0.81012,122.48094672548262,120.55505327451738,121.518,15.52847951346171,,,,,,0.0,runs/thesis_v2/confirm/pdet_1p00/single/bdqn/seed43/evaluation/final_test_posterior_mean_summary.json,,,,,,,,,,0.0030666666666666668,0.5281112720875583,0.3918887279124418,0.46,1.0983624174196784,,43
0.0,0.0,0.0,0.0,0.0,0.0,0.0,0.0,0.0,0.0,0.0,0.0,0.0,0.0,0.0,0.0,0.0,0.0,0.0,0.0,bdqn,,1.0,1.0,0.0,0.0,0.0,0.0,0.0,runs/thesis_v2/confirm/pdet_1p00/single/bdqn/seed43/best.pt,,,,,,0.10447705859626205,0.06952294140373794,0.087,0.28183505814571763,0.13106433482980034,0.08493566517019967,0.108,0.37193547827546647,,,,,150.0,150.0,150.0,0.0,1.0288198255687575,0.9171801744312423,0.973,0.9001505429648976,0.08941418293936279,1.3122421194599259,1.1637578805400741,1.238,1.1972284660832284,1.0,,,,,runs/thesis_v2/confirm/pdet_1p00/single/bdqn/seed43/evaluation/final_test_posterior_sample_episodes.csv,150.0,150.0,150.0,0.0,1000,200000,,True,61.796901236882704,41.605397613692006,51.701149425287355,47.7674238397678,36.486347704739536,30.725132657798234,33.605740181268885,37.785811092530615,False,,0.10447705859626205,0.06952294140373794,0.087,0.28183505814571763,0.6913332829920398,0.6326667170079603,0.662,0.4730285403651665,,,,,,,,,,,,,,,,,,,,,95.8380006735662,90.4539993264338,93.146,0.6209733333333334,43.41120459052017,posterior_sample,149.36733328299204,149.30866671700795,149.338,0.47302854036516656,,33,,,,0.9955866666666666,-2.7435369518803365,-3.0019759621842144,-2.8727564570322754,task_potential,,,,,,,,,6.6545689011425555,5.2075000643746865,5.931034482758621,3.4233582471698916,-2.5382275866216637,-2.7392853274428925,-2.638756457032278,1.6211286287933226,-0.7500000000000004,-0.7500000000000004,-0.7500000000000004,1.1102230246251565e-16,2.083793823054796,,1,single,0.24209500156913455,0.22863499823759736,0.23536499990336596,0.10852801118366341,0.8270933333333333,124.87471294271269,123.2532870572873,124.064,13.073557434761206,,,,,,0.0,runs/thesis_v2/confirm/pdet_1p00/single/bdqn/seed43/evaluation/final_test_posterior_sample_summary.json,,,,,,,,,,0.0020066666666666666,0.35764482177776036,0.24435517822223962,0.301,0.9134544323610236,,43
0.0,0.0,0.0,0.0,0.0,0.0,0.0,0.0,0.0,0.0,0.0,0.0,0.0,0.0,0.0,0.0,0.0,0.0,0.0,0.0,bdqn,,1.0,1.0,0.0,0.0,0.0,0.0,0.0,runs/thesis_v2/confirm/pdet_1p00/single/bdqn/seed44/best.pt,,,,,,0.09771407204310596,0.06228592795689404,0.08,0.285657137141714,0.11074380257680219,0.0692561974231978,0.09,0.33451457367355464,,,,,150.0,150.0,150.0,0.0,0.9245286244249804,0.8134713755750196,0.869,0.8954546331333598,0.09205983889528194,1.1690786775161368,1.0229213224838634,1.096,1.1784668005506136,1.0,,,,,runs/thesis_v2/confirm/pdet_1p00/single/bdqn/seed44/evaluation/final_test_posterior_mean_episodes.csv,150.0,150.0,150.0,0.0,1000,200000,,True,53.90187358564627,35.4747497909771,44.688311688311686,40.980597163814615,55.260721742542756,48.20845633964902,51.73458904109589,43.438703886960745,False,,0.09353177707487169,0.06046822292512831,0.077,0.26659144772479104,0.6145651418825154,0.5534348581174845,0.584,0.4928934976239796,,,,,,,,,,,,,,,,,,,,,93.17700171244722,88.02899828755277,90.603,0.60402,41.508353267745996,posterior_mean,149.12724720323664,149.08875279676337,149.108,0.31038041175306147,,153,,,,0.9940533333333333,-2.2864370224452757,-2.4785828097285285,-2.382509916086902,task_potential,,,,,,,,,5.860015493276154,4.529594896334236,5.194805194805195,2.958759660446367,-1.9460543017122875,-2.1189655304615185,-2.032509916086903,1.3941832929200602,-0.7500000000000004,-0.7500000000000004,-0.7500000000000004,1.1102230246251565e-16,1.549271544555342,,1,single,0.23544250408352313,0.22257249558552206,0.2290074998345226,0.10377088265143736,0.8377266666666666,126.3947173199574,124.92328268004262,125.659,11.864177974052817,,,,,,0.0,runs/thesis_v2/confirm/pdet_1p00/single/bdqn/seed44/evaluation/final_test_posterior_mean_summary.json,,,,,,,,,,0.0019333333333333333,0.3473029306917706,0.23269706930822937,0.29,0.9240670971309388,,44
0.0,0.0,0.0,0.0,0.0,0.0,0.0,0.0,0.0,0.0,0.0,0.0,0.0,0.0,0.0,0.0,0.0,0.0,0.0,0.0,bdqn,,1.0,1.0,0.0,0.0,0.0,0.0,0.0,runs/thesis_v2/confirm/pdet_1p00/single/bdqn/seed44/best.pt,,,,,,0.08589621331613757,0.05210378668386244,0.069,0.2724683467854569,0.11179120280558544,0.06620879719441455,0.089,0.36753095107759287,,,,,150.0,150.0,150.0,0.0,0.9250112878513498,0.8129887121486502,0.869,0.9032380638569214,0.07940161104718067,1.1500862281852768,1.003913771814723,1.077,1.178588562646015,1.0,,,,,runs/thesis_v2/confirm/pdet_1p00/single/bdqn/seed44/evaluation/final_test_posterior_sample_episodes.csv,150.0,150.0,150.0,0.0,1000,200000,,True,63.388573342575526,40.767676657424474,52.078125,45.80301050678192,35.39109089734356,28.95882333936314,32.17495711835335,39.585809141351646,False,,0.07917753484476198,0.048822465155238026,0.064,0.24475293665245368,0.6135756453355884,0.5524243546644115,0.583,0.49306287631497864,,,,,,,,,,,,,,,,,,,,,84.45158275580837,79.32841724419163,81.89,0.5459333333333334,41.308085165013395,posterior_sample,149.14336693510683,149.10263306489315,149.123,0.32843720861071757,,153,,,,0.9941533333333333,-2.5621273976537817,-2.809563182351019,-2.6858452900024004,task_potential,,,,,,,,,7.779655408056706,5.845344591943294,6.8125,3.9166112584733246,-2.263016546562985,-2.480674033441819,-2.371845290002402,1.7549723865853222,-0.7500000000000004,-0.7500000000000004,-0.7500000000000004,1.1102230246251565e-16,1.995074811455748,,1,single,0.21362895668698006,0.20082104290249292,0.2072249997947365,0.1032702129564383,0.85204,128.5649283355897,127.0470716644103,127.806,12.238478827043824,,,,,,0.0,runs/thesis_v2/confirm/pdet_1p00/single/bdqn/seed44/evaluation/final_test_posterior_sample_summary.json,,,,,,,,,,0.0018133333333333332,0.33050220486078774,0.2134977951392123,0.272,0.9434065931505885,,44
0.0,0.0,0.0,0.0,0.0,0.0,0.0,0.0,0.0,0.0,0.0,0.0,0.0,0.0,0.0,0.0,0.0,0.0,0.0,0.0,bdqn,,1.0,1.0,0.0,0.0,0.0,0.0,0.0,runs/thesis_v2/confirm/pdet_1p00/single/bdqn/seed45/best.pt,,,,,,0.11143228012348311,0.07456771987651689,0.093,0.2972389611070527,0.15140961316770218,0.09859038683229783,0.125,0.4258814389005466,,,,,150.0,150.0,150.0,0.0,0.9742717996290535,0.8637282003709466,0.919,0.8913130763093291,0.10119695321001088,1.2501545959493217,1.1038454040506784,1.177,1.1796910612529028,1.0,,,,,runs/thesis_v2/confirm/pdet_1p00/single/bdqn/seed45/evaluation/final_test_posterior_mean_episodes.csv,150.0,150.0,150.0,0.0,1000,200000,,True,47.03140813052105,32.70485560574269,39.86813186813187,34.671839538011874,19.409635058263007,15.165974697834557,17.28780487804878,26.824938601118873,False,,0.10883511709526467,0.07316488290473533,0.091,0.2876091097305508,0.6451745811130054,0.5848254188869946,0.615,0.48659531440407444,,,,,,,,,,,,,,,,,,,,,90.02704061136674,85.05095938863326,87.539,0.5835933333333333,40.122144496524605,posterior_mean,149.0417477130468,149.02025228695322,149.031,0.1733176274935703,,97,,,,0.99354,-2.8937841492303478,-3.1696600967411315,-3.0317221229857396,task_potential,,,,,,,,,7.723556084507518,6.078641717690285,6.9010989010989015,3.980874455415419,-2.7964816119998037,-3.022962633971681,-2.9097221229857424,1.8261165528734216,-0.7500000000000004,-0.7500000000000004,-0.7500000000000004,1.1102230246251565e-16,2.2243878533523933,,1,single,0.22756760120369912,0.21512739814467308,0.2213474996741861,0.10030536125898835,0.8389466666666666,126.56650485656397,125.11749514343603,125.842,11.68336578217082,,,,,,0.0,runs/thesis_v2/confirm/pdet_1p00/single/bdqn/seed45/evaluation/final_test_posterior_mean_summary.json,,,,,,,,,,0.0021466666666666665,0.38005019699338644,0.2639498030066136,0.322,0.9361175139906314,,45
0.0,0.0,0.0,0.0,0.0,0.0,0.0,0.0,0.0,0.0,0.0,0.0,0.0,0.0,0.0,0.0,0.0,0.0,0.0,0.0,bdqn,,1.0,1.0,0.0,0.0,0.0,0.0,0.0,runs/thesis_v2/confirm/pdet_1p00/single/bdqn/seed45/best.pt,,,,,,0.048705428939883694,0.025294571060116306,0.037,0.18876175460087244,0.06547678982699612,0.03252321017300388,0.049,0.26570472333024114,,,,,150.0,150.0,150.0,0.0,0.9649040837236152,0.8530959162763848,0.909,0.901509290024235,0.0407040704070407,1.218894765690111,1.071105234309889,1.145,1.1916270389681498,1.0,,,,,runs/thesis_v2/confirm/pdet_1p00/single/bdqn/seed45/evaluation/final_test_posterior_sample_episodes.csv,150.0,150.0,150.0,0.0,1000,200000,,True,60.56946911258957,31.75485521173475,46.16216216216216,44.10400086865535,32.548392471518426,26.213196932455084,29.380794701986755,39.68556915767303,False,,0.048705428939883694,0.025294571060116306,0.037,0.18876175460087244,0.6343276940010846,0.5736723059989154,0.604,0.489064412935556,,,,,,,,,,,,,,,,,,,,,85.32988875850016,80.09411124149985,82.712,0.5514133333333333,42.216075800576256,posterior_sample,149.13047985398075,149.09152014601923,149.111,0.31413213780191296,,97,,,,0.9940733333333334,-2.93327314061474,-3.1733981043512918,-3.053335622483016,task_potential,,,,,,,,,7.817953002823423,5.371236186365766,6.594594594594595,3.744974719067843,-2.4348008079987724,-2.659870436967265,-2.547335622483019,1.8147364906339865,-0.7500000000000004,-0.7500000000000004,-0.7500000000000004,1.1102230246251565e-16,1.9361276597025188,,1,single,0.2158247216406285,0.20273527788491852,0.2092799997627735,0.10554018920479649,0.8523866666666666,128.62045552657688,127.09554447342313,127.858,12.295358311167675,,,,,,0.0,runs/thesis_v2/confirm/pdet_1p00/single/bdqn/seed45/evaluation/final_test_posterior_sample_summary.json,,,,,,,,,,0.0010466666666666667,0.20095183005251277,0.11304816994748723,0.157,0.7087672396492377,,45
0.0,0.0,0.0,0.0,0.0,0.0,0.0,0.0,0.0,0.0,0.0,0.0,0.0,0.0,0.0,0.0,0.0,0.0,0.0,0.0,bdqn,,1.0,1.0,0.0,0.0,0.0,0.0,0.0,runs/thesis_v2/confirm/pdet_1p00/single/bdqn/seed46/best.pt,,,,,,0.07275773181245168,0.043242268187548324,0.058,0.2379831926838532,0.09020950544651005,0.05179049455348994,0.071,0.30977249716525834,,,,,150.0,150.0,150.0,0.0,1.1460482096558047,1.0299517903441955,1.088,0.9360854661835104,0.05330882352941176,1.421549541014804,1.2704504589851962,1.346,1.2183119469167165,1.0,,,,,runs/thesis_v2/confirm/pdet_1p00/single/bdqn/seed46/evaluation/final_test_posterior_mean_episodes.csv,150.0,150.0,150.0,0.0,1000,200000,,True,34.12727795382669,16.539388712839973,25.333333333333332,33.57543657974484,33.64561145909473,27.75870508766786,30.702158273381293,39.56223304000471,False,,0.07137694467326552,0.04262305532673447,0.057,0.23184261903282577,0.723550626933542,0.6664493730664579,0.695,0.460407428263272,,,,,,,,,,,,,,,,,,,,,104.39457692081717,99.76942307918281,102.082,0.6805466666666666,37.29261691005339,posterior_mean,149.0417477130468,149.02025228695322,149.031,0.17331762749357027,,194,,,,0.99354,-3.3409109244571473,-3.5882617399332677,-3.4645863321952075,task_potential,,,,,,,,,6.81740910229465,4.972064581915876,5.894736842105263,3.5227790590908445,-2.9356559027126425,-3.1655167616777793,-3.050586332195211,1.8533681796352024,-0.7500000000000004,-0.7500000000000004,-0.7500000000000004,1.1102230246251565e-16,1.9943897045986043,,1,single,0.26348644206548805,0.2519235574317468,0.25770499974861744,0.09323154251424418,0.82286,124.09932551584406,122.75867448415595,123.429,10.8096696989316,,,,,,0.0,runs/thesis_v2/confirm/pdet_1p00/single/bdqn/seed46/evaluation/final_test_posterior_mean_summary.json,,,,,,,,,,0.00136,0.2506690344144077,0.1573309655855923,0.204,0.7525848789339311,,46
0.0,0.0,0.0,0.0,0.0,0.0,0.0,0.0,0.0,0.0,0.0,0.0,0.0,0.0,0.0,0.0,0.0,0.0,0.0,0.0,bdqn,,1.0,1.0,0.0,0.0,0.0,0.0,0.0,runs/thesis_v2/confirm/pdet_1p00/single/bdqn/seed46/best.pt,,,,,,0.040578396025034345,0.019421603974965652,0.03,0.1705872210923198,0.05635574385268488,0.025644256147315126,0.041,0.24762673522865017,,,,,150.0,150.0,150.0,0.0,0.8525099507870568,0.7454900492129433,0.799,0.8629015007519688,0.03754693366708386,1.091073040860351,0.948926959139649,1.02,1.1461239025515522,1.0,,,,,runs/thesis_v2/confirm/pdet_1p00/single/bdqn/seed46/evaluation/final_test_posterior_sample_episodes.csv,150.0,150.0,150.0,0.0,1000,200000,,True,43.12233069429077,14.344335972375905,28.733333333333334,37.891013299843124,26.25361312799647,20.82111996808894,23.537366548042705,32.824230355074725,False,,0.040578396025034345,0.019421603974965652,0.03,0.1705872210923198,0.5927665316386016,0.5312334683613985,0.562,0.496141108959941,,,,,,,,,,,,,,,,,,,,,83.44178219382907,78.17821780617093,80.81,0.5387333333333333,42.44012134761162,posterior_sample,149.1444378977898,149.1035621022102,149.124,0.3295815528818323,,194,,,,0.99416,-2.919640251506178,-3.1608166632276227,-3.0402284573669003,task_potential,,,,,,,,,8.397316856051152,5.469349810615515,6.933333333333334,3.8551552786135885,-2.3838569205422284,-2.6125999941915787,-2.4982284573669036,1.8443554762751375,-0.7500000000000004,-0.7500000000000004,-0.7500000000000004,1.1102230246251565e-16,1.9446054851422911,,1,single,0.2111044554030647,0.1979455444710205,0.2045249999370426,0.10610030306988233,0.85594,129.15717431870107,127.62482568129893,128.391,12.355327555350364,,,,,,0.0,runs/thesis_v2/confirm/pdet_1p00/single/bdqn/seed46/evaluation/final_test_posterior_sample_summary.json,,,,,,,,,,0.00078,0.15215087369499541,0.08184912630500459,0.117,0.5668430117766292,,46
0.0,0.0,0.0,0.0,0.0,0.0,0.0,0.0,0.0,0.0,0.0,0.0,0.0,0.0,0.0,0.0,0.0,0.0,0.0,0.0,ddqn,,,,0.0,0.0,0.0,0.0,0.0,runs/thesis_v2/confirm/pdet_1p00/single/ddqn/seed43/best.pt,,,,,,0.11921360879071818,0.08078639120928183,0.1,0.30983866769659335,0.15293177376290504,0.10106822623709495,0.127,0.4181758003519572,,,,,150.0,150.0,150.0,0.0,1.293789526426184,1.186210473573816,1.24,0.8674099376880576,0.08064516129032258,1.6387169825298247,1.4952830174701752,1.567,1.1565081063269724,1.0,,,,,runs/thesis_v2/confirm/pdet_1p00/single/ddqn/seed43/evaluation/final_test_deterministic_episodes.csv,150.0,150.0,150.0,0.0,1000,200000,,,72.26045420533227,55.49212311425536,63.876288659793815,41.91209695018893,33.20177590768036,28.40216013168003,30.801968019680196,34.889795165707184,False,,0.11535283117156621,0.0786471688284338,0.097,0.29595776725742473,0.8371790594630253,0.7888209405369746,0.813,0.3899115284266419,,,,,,,,,,,,,,,,,,,,,116.88071328876892,111.73928671123109,114.31,0.7620666666666667,41.455324145397775,deterministic,149.0,149.0,149.0,0.0,,,,,,0.9933333333333333,-3.471164643039997,-3.7477445211533746,-3.609454582096686,task_potential,,,,,,,,,7.101776262207881,5.59925466562717,6.350515463917525,3.755521672586383,-3.374447274371647,-3.57646188982173,-3.4754545820966887,1.6288439092329905,-0.7500000000000004,-0.7500000000000004,-0.7500000000000004,1.1102230246251565e-16,2.23006364602711,,1,single,0.2947017832083014,0.28184821679244365,0.28827500000037254,0.10363831013783753,0.79554,120.14713426542549,118.51486573457451,119.331,13.160981688308818,,,,,,0.0,runs/thesis_v2/confirm/pdet_1p00/single/ddqn/seed43/evaluation/final_test_deterministic_summary.json,,,,,,,,,,0.00242,0.42765978268674504,0.29834021731325494,0.363,1.04270369712589,,43
0.0,0.0,0.0,0.0,0.0,0.0,0.0,0.0,0.0,0.0,0.0,0.0,0.0,0.0,0.0,0.0,0.0,0.0,0.0,0.0,ddqn,,,,0.0,0.0,0.0,0.0,0.0,runs/thesis_v2/confirm/pdet_1p00/single/ddqn/seed44/best.pt,,,,,,0.10533606121119639,0.0686639387888036,0.087,0.29568733486573284,0.12466574794110552,0.07933425205889447,0.102,0.3655078658524327,,,,,150.0,150.0,150.0,0.0,1.2452009658769243,1.1267990341230756,1.186,0.9546748137454973,0.0733558178752108,1.5667468645113187,1.4112531354886815,1.489,1.253745987032461,1.0,,,,,runs/thesis_v2/confirm/pdet_1p00/single/ddqn/seed44/evaluation/final_test_deterministic_episodes.csv,150.0,150.0,150.0,0.0,1000,200000,,,61.10938122823947,43.22796816935089,52.16867469879518,41.306908689376556,19.514036823710292,16.649006654550575,18.081521739130434,19.814668092031052,False,,0.10010791332390653,0.06589208667609348,0.083,0.2758822212466762,0.7633346928249035,0.7086653071750965,0.736,0.44079927404658914,,,,,,,,,,,,,,,,,,,,,115.63105612636843,109.95894387363157,112.795,0.7519666666666667,45.734242914910055,deterministic,149.0,149.0,149.0,0.0,,,,,,0.9933333333333333,-3.768598914514811,-4.037821083165189,-3.9032099988399995,task_potential,,,,,,,,,6.362747618064269,4.914360815670671,5.63855421686747,3.345841919558512,-3.5040044241229116,-3.7384155735570963,-3.621209998840004,1.8900571731480547,-0.7500000000000004,-0.7500000000000004,-0.7500000000000004,1.1102230246251565e-16,2.1707384322646694,,1,single,0.29157764013806575,0.2773973595952035,0.28448749986663463,0.11433560656982975,0.7869733333333333,118.82818771096815,117.26381228903186,118.046,12.613559529331916,,,,,,0.0,runs/thesis_v2/confirm/pdet_1p00/single/ddqn/seed44/evaluation/final_test_deterministic_summary.json,,,,,,,,,,0.0025,0.44040319088070073,0.30959680911929927,0.375,1.0546918981389777,,44
0.0,0.0,0.0,0.0,0.0,0.0,0.0,0.0,0.0,0.0,0.0,0.0,0.0,0.0,0.0,0.0,0.0,0.0,0.0,0.0,ddqn,,,,0.0,0.0,0.0,0.0,0.0,runs/thesis_v2/confirm/pdet_1p00/single/ddqn/seed45/best.pt,,,,,,0.09179760576866713,0.05820239423133286,0.075,0.27087820141163077,0.10624697178015186,0.06575302821984813,0.086,0.32650267992774573,,,,,150.0,150.0,150.0,0.0,0.8182158343046445,0.7077841656953555,0.763,0.890410579451974,0.0982961992136304,1.0202567352656626,0.8777432647343374,0.949,1.149086158649559,1.0,,,,,runs/thesis_v2/confirm/pdet_1p00/single/ddqn/seed45/evaluation/final_test_deterministic_episodes.csv,150.0,150.0,150.0,0.0,1000,200000,,,63.34225485417111,42.13719720062341,52.73972602739726,45.90073488451614,13.783406416028901,10.743108735486251,12.263257575757576,17.804728219323028,False,,0.08913149524187819,0.0568685047581218,0.073,0.2601365026289083,0.5589571725474426,0.49704282745255746,0.528,0.49921538437832613,,,,,,,,,,,,,,,,,,,,,76.78609891902512,70.91190108097489,73.849,0.4923266666666667,47.36365905417359,deterministic,149.1551244141048,149.11287558589518,149.134,0.34065231541852176,,,,,,0.9942266666666667,-2.728997030587372,-2.986288218269189,-2.8576426244282804,task_potential,,,,,,,,,6.016812780574773,4.613324205726597,5.315068493150685,3.03800904671323,-2.3777801111375156,-2.6135051377190504,-2.495642624428283,1.9006509650089707,-0.7500000000000004,-0.7500000000000004,-0.7500000000000004,1.1102230246251565e-16,2.074538928884599,,1,single,0.19446524732305204,0.17977975273759567,0.18712250003032385,0.11840914755747091,0.8783533333333333,132.5340317965953,130.97196820340469,131.753,12.594919253413257,,,,,,0.0,runs/thesis_v2/confirm/pdet_1p00/single/ddqn/seed45/evaluation/final_test_deterministic_summary.json,,,,,,,,,,0.00174,0.3153046163577072,0.20669538364229284,0.261,0.8757162782545497,,45
0.0,0.0,0.0,0.0,0.0,0.0,0.0,0.0,0.0,0.0,0.0,0.0,0.0,0.0,0.0,0.0,0.0,0.0,0.0,0.0,ddqn,,,,0.0,0.0,0.0,0.0,0.0,runs/thesis_v2/confirm/pdet_1p00/single/ddqn/seed46/best.pt,,,,,,0.053605156102181375,0.028394843897818624,0.041,0.2032707553978191,0.0592727878311307,0.0307272121688693,0.045,0.2301629857296781,,,,,150.0,150.0,150.0,0.0,0.8473516469711826,0.7366483530288175,0.792,0.8926006945997746,0.05176767676767677,1.0535603759702883,0.9104396240297117,0.982,1.1539826688473271,1.0,,,,,runs/thesis_v2/confirm/pdet_1p00/single/ddqn/seed46/evaluation/final_test_deterministic_episodes.csv,150.0,150.0,150.0,0.0,1000,200000,,,48.29323018062559,25.506769819374405,36.9,36.301377384336256,22.029880285251977,17.33174333098419,19.680811808118083,27.8764995275453,False,,0.052151753170020576,0.027848246829979426,0.04,0.19595917942265428,0.5728962456553478,0.5111037543446523,0.542,0.49823287727728277,,,,,,,,,,,,,,,,,,,,,82.9128234048112,76.32917659518878,79.621,0.5308066666666666,53.08394633973627,deterministic,149.11860349671673,149.08139650328326,149.1,0.30000000000000004,,,,,,0.994,-2.9241286275962763,-3.175402705224388,-3.049765666410332,task_potential,,,,,,,,,5.668134336541701,4.131865663458299,4.9,2.4474476501040834,-2.372373125199416,-2.619158207621254,-2.495765666410335,1.9898281988002886,-0.7500000000000004,-0.7500000000000004,-0.7500000000000004,1.1102230246251565e-16,2.026022968589711,,1,single,0.20978205851692328,0.1933229415468537,0.2015525000318885,0.13270986541404795,0.8716533333333333,131.68092099076426,129.81507900923572,130.748,15.044284496113466,,,,,,0.0,runs/thesis_v2/confirm/pdet_1p00/single/ddqn/seed46/evaluation/final_test_deterministic_summary.json,,,,,,,,,,0.0009933333333333333,0.19217717112672514,0.10582282887327485,0.149,0.6962750893145612,,46
0.0,0.0,0.0,0.0,0.0,0.0,0.0,0.0,0.0,0.0,0.0,0.0,0.0,0.0,0.0,0.0,0.0,0.0,0.0,0.0,baseline_local_frontier,local_frontier,,,0.0,0.0,0.0,0.0,0.0,,0.422785208391908,134.97254727988607,117.65345272011393,126.313,139.64386499592456,3.4958458073418206,3.3801541926581797,3.438,0.932821526338238,4.37454067329736,4.227459326702641,4.301,1.1859169448152767,0.5691411854711921,0.5365612203555528,0.5528512029133724,0.2626922691875478,306.99093291258623,290.5370670874138,298.764,132.6675254310564,3.4986581360351776,3.383341863964822,3.441,0.9297951387268057,0.999128160418483,4.377362278579106,4.230637721420894,4.304,1.1830401514741586,0.5,102.33031097086207,96.84568902913792,99.588,44.2225084770188,logs/thesis_v2/confirm/baselines/pdet_0p50/multi/baseline_local_frontier/final_test_deterministic_episodes.csv,102.33031097086207,96.84568902913792,99.588,44.2225084770188,1000,200000,,,13.077384078546274,11.83911286646391,12.458248472505092,9.893824741301069,9.523783035849462,8.168994176764983,8.846388606307222,10.830320117849192,False,memory_union,0.9902445190092384,0.9737554809907616,0.982,0.132951118836962,0.9910163107997906,0.9749836892002094,0.983,0.12927103310486848,True,0.20405077787330872,0.17044922212669128,0.18725,0.27092935477311747,625.3762213921807,595.5957786078193,610.486,2.043372026080786,240.11971973163722,0.5137533303878646,162.2632223692589,144.71877763074113,153.491,141.46086355950186,0.5236468528709045,0.4988298170664676,0.5112383349686861,0.2000997676589515,,,,,,,deterministic,,,,,,,,,,,9.063904279024651,7.653364387541072,8.358634333282861,task_potential,0.0,0.0,0.0,0.0,-2.3530690544022765,-2.6994509455977185,-2.5262599999999975,2.7928772999184863,21.022161178760435,20.289838821239563,20.656,5.904715403810754,-7.998025492139208,-8.556545841295064,-8.277285666717136,4.503349754562643,-1.4526853354370672,-1.5349546645629295,-1.4938199999999984,0.6633376271552803,11.373183597901122,,1,multi,,,,,,,,,,22.02636366483508,19.25596568217965,20.641164673507365,22.337719823616844,0.20726558092849875,0.0,logs/thesis_v2/confirm/baselines/pdet_0p50/multi/baseline_local_frontier/final_test_deterministic_summary.json,0.8592518656347214,0.8396931382920325,0.849472501963377,0.1577020248436406,340.700745417731,332.87725458226896,336.789,3.381823111218219,63.08080911814623,0.03458917406380956,10.508234479148427,10.159765520851572,10.334,2.8097053226272677,,999
0.0,0.0,0.0,0.0,0.0,0.0,0.0,0.0,0.0,0.0,0.0,0.0,0.0,0.0,0.0,0.0,0.0,0.0,0.0,0.0,baseline_random,random,,,0.0,0.0,0.0,0.0,0.0,,0.004913333333333333,2.4305639908374603,1.9914360091625394,2.211,3.540689057231657,0.17210289986954846,0.12589710013045152,0.149,0.3725573781312081,0.20945390453730187,0.15054609546269812,0.18,0.4749736834815167,0.34253717065409056,0.3218788999219217,0.33220803528800613,0.1665676435460379,450.0,450.0,450.0,0.0,2.3740832637597533,2.243916736240247,2.309,1.0495327531811476,0.06453009961022088,2.9569721713003467,2.787027828699653,2.872,1.3702612889518553,0.5,150.0,150.0,150.0,0.0,logs/thesis_v2/confirm/baselines/pdet_0p50/multi/baseline_random/final_test_deterministic_episodes.csv,150.0,150.0,150.0,0.0,1000,200000,,,83.80017973969791,70.15815359363543,76.97916666666667,41.61604737725047,24.05824664486861,20.370775437150314,22.214511041009462,28.993748913780106,False,memory_union,0.16577165559592075,0.12222834440407924,0.144,0.35108973211986705,0.9643863330420362,0.9376136669579637,0.951,0.21586801523152982,True,0.111050816712471,0.07811584995419565,0.09458333333333332,0.2655546475460999,333.3278703551665,326.6141296448335,329.971,0.7332688888888889,54.13289350293405,0.7225177777777778,326.2694611914083,323.99653880859165,325.133,18.326573902396486,0.28027322631685986,0.2746784424522613,0.2774758343845606,0.0451107440965241,,,,,,,deterministic,,,,,,,,,,,-7.667837802746534,-7.993699357246483,-7.8307685799965085,task_potential,0.0,0.0,0.0,0.0,-0.0398287201832508,-0.04861127981674922,-0.04422000000000001,0.07081378114463313,0.9953854774579952,0.6926145225420047,0.844,2.4412423066955067,-6.261381742139692,-6.499715417853324,-6.380548579996508,1.921684503798605,-2.2499999999999964,-2.2499999999999964,-2.2499999999999964,0.0,2.627421818554452,,1,multi,,,,,,,,,,5.410699358391494,4.776912260255835,5.093805809323665,5.11022557575199,0.033958705395491146,0.0,logs/thesis_v2/confirm/baselines/pdet_0p50/multi/baseline_random/final_test_deterministic_summary.json,0.6174433650291262,0.6045466342055501,0.6109949996173382,0.10398634477112771,243.97734617379635,238.81865382620364,241.398,1.60932,41.5945380548937,0.008908888888888888,4.23661672830749,3.781383271692511,4.009,3.670547506844176,,999
0.0,0.0,0.0,0.0,0.0,0.0,0.0,0.0,0.0,0.0,0.0,0.0,0.0,0.0,0.0,0.0,0.0,0.0,0.0,0.0,baseline_frontier,frontier,,,0.0,0.0,0.0,0.0,0.0,,,,,,,3.4999776314141133,3.416022368585887,3.458,0.6769313111387298,4.384352445905015,4.2736475540949845,4.329,0.8926135782072778,,,,,127.36354164050992,123.75845835949009,125.561,29.067787652313687,3.5230251042750753,3.440974895724925,3.482,0.6615708578829633,0.9931074095347502,4.414003572343187,4.3059964276568135,4.36,0.8708616422830896,0.5,,,,,logs/thesis_v2/confirm/baselines/pdet_0p50/single/baseline_frontier/final_test_deterministic_episodes.csv,127.36354164050992,123.75845835949009,125.561,29.067787652313687,1000,200000,,,27.05344331033636,24.59055668966364,25.822,19.85825561322041,23.31539042567654,20.856609574323457,22.086,19.82515079387796,False,,1.0,1.0,1.0,0.0,1.0,1.0,1.0,0.0,True,,,,,,,,,,,,,,,,,,,,355.03108465240126,348.3849153475988,351.708,2.8010926959804396,53.58806523844652,deterministic,126.36354164050992,122.75845835949009,124.561,29.067787652313687,,,,,,0.9920357435828004,11.578853855005047,10.779435059871894,11.17914445743847,task_potential,,,,,,,,,21.08926958515007,20.51073041484993,20.8,4.664761515876241,-8.799652564510833,-9.186448520612206,-8.99305054256152,3.118735918230387,-0.6187922917974509,-0.6368177082025501,-0.6278050000000005,0.14533893826156857,6.445714001820643,,1,single,0.8900777139568781,0.8734622904157188,0.8817700021862984,0.1339701653469279,0.2733173517254561,35.35271214202717,33.28328785797282,34.318,16.68576866674113,,,,,,0.0,logs/thesis_v2/confirm/baselines/pdet_0p50/single/baseline_frontier/final_test_deterministic_summary.json,,,,,,,,,,0.08289994504663072,10.534773932086075,10.283226067913926,10.409,2.0282305095821824,,999
0.0,0.0,0.0,0.0,0.0,0.0,0.0,0.0,0.0,0.0,0.0,0.0,0.0,0.0,0.0,0.0,0.0,0.0,0.0,0.0,baseline_oracle,oracle,,,0.0,0.0,0.0,0.0,0.0,,,,,,,4.0,4.0,4.0,0.0,5.0,5.0,5.0,0.0,,,,,53.51213897775268,52.12786102224732,52.82,11.161433599677059,4.0,4.0,4.0,0.0,1.0,5.0,5.0,5.0,0.0,0.5,,,,,logs/thesis_v2/confirm/baselines/pdet_0p50/single/baseline_oracle/final_test_deterministic_episodes.csv,53.51213897775268,52.12786102224732,52.82,11.161433599677059,1000,200000,,,15.914278926707004,15.065721073292996,15.49,6.841922244515791,10.259950712358233,9.450049287641768,9.855,6.5302354475164215,False,,1.0,1.0,1.0,0.0,1.0,1.0,1.0,0.0,True,,,,,,,,,,,,,,,,,,,,144.02271370452908,139.5232862954709,141.773,2.684078000757289,36.278884643825535,deterministic,52.51966327486097,51.13633672513904,51.828,11.153762414539768,,,,,,0.9812192351382052,20.579786012369677,20.47656915580703,20.528177584088354,task_potential,,,,,,,,,24.0,24.0,24.0,0.0,-3.159244644233919,-3.256200187589358,-3.2077224159116384,0.7817525772035243,-0.26063930511123673,-0.2675606948887635,-0.2641000000000001,0.05580716799838534,0.8322375476035174,,1,single,0.3625567837969814,0.3513082152886833,0.35693249954283235,0.09069721149388191,0.309201060204468,16.56939837208513,16.094601627914873,16.332,3.8282863006833745,,,,,,0.0,logs/thesis_v2/confirm/baselines/pdet_0p50/single/baseline_oracle/final_test_deterministic_summary.json,,,,,,,,,,0.227300265051117,12.011533997427495,12.000466002572505,12.006,0.08924124606929244,,999
0.0,0.0,0.0,0.0,0.0,0.0,0.0,0.0,0.0,0.0,0.0,0.0,0.0,0.0,0.0,0.0,0.0,0.0,0.0,0.0,baseline_random,random,,,0.0,0.0,0.0,0.0,0.0,,,,,,,0.06913743353749283,0.04086256646250717,0.055,0.22798026230356,0.08783348195216283,0.050166518047837186,0.069,0.303708742053962,,,,,150.0,150.0,150.0,0.0,1.0933453940472218,0.9826546059527783,1.038,0.8924998599439665,0.052986512524084775,1.3756143249351378,1.230385675064862,1.303,1.1709786505312554,0.5,,,,,logs/thesis_v2/confirm/baselines/pdet_0p50/single/baseline_random/final_test_deterministic_episodes.csv,150.0,150.0,150.0,0.0,1000,200000,,,80.88152005406405,59.154843582299584,70.01818181818182,40.729034052823216,47.22599365813274,40.81147031881251,44.018731988472624,43.07694938619685,False,,0.06913743353749283,0.04086256646250717,0.055,0.22798026230356,0.7225768118686563,0.6654231881313436,0.694,0.46082968654373824,True,,,,,,,,,,,,,,,,,,,,111.63276370421626,107.76923629578373,109.701,0.73134,31.151622734618496,deterministic,149.2279431045394,149.1780568954606,149.203,0.4022325198190717,,,,,,0.9946866666666667,-2.952028384137741,-3.166084279500503,-3.059056331819122,task_potential,,,,,,,,,6.9658487425356785,5.106878530191594,6.036363636363636,3.4848432147522734,-2.5531028780020315,-2.7290097856362174,-2.6410563318191245,1.4183374527312513,-0.7500000000000004,-0.7500000000000004,-0.7500000000000004,1.1102230246251565e-16,1.7259327530349025,,1,single,0.2815819089738703,0.27192309047001834,0.2767524997219443,0.07787905669762651,0.72296,109.09825342634815,107.78974657365185,108.444,10.550491173400411,,,,,,0.0,logs/thesis_v2/confirm/baselines/pdet_0p50/single/baseline_random/final_test_deterministic_summary.json,,,,,,,,,,0.009426666666666667,1.5545984076675075,1.2734015923324924,1.414,2.2672900123274924,,999
0.0,0.0,0.0,0.0,0.0,0.0,0.0,0.0,0.0,0.0,0.0,0.0,0.0,0.0,0.0,0.0,0.0,0.0,0.0,0.0,baseline_local_frontier,local_frontier,,,0.0,0.0,0.0,0.0,0.0,,0.408608052325249,115.65088753524017,98.75311246475982,107.202,136.24676581849565,3.6341851713339888,3.5338148286660114,3.584,0.8092861051568846,4.5377204156801065,4.408279584319893,4.473,1.0436814648157742,0.5271536739472238,0.49551617121093905,0.5113349225790814,0.255093194720225,270.7543435520953,253.96365644790467,262.359,135.3833155119197,3.6361721433703043,3.5358278566296955,3.586,0.8090760162061412,0.9994422755158952,4.539723505252204,4.410276494747795,4.475,1.0437312872574052,0.7,90.25144785069844,84.65455214930157,87.453,45.12777183730657,logs/thesis_v2/confirm/baselines/pdet_0p70/multi/baseline_local_frontier/final_test_deterministic_episodes.csv,90.25144785069844,84.65455214930157,87.453,45.12777183730657,1000,200000,,,11.666009981638604,10.61970430407568,11.142857142857142,8.381292016697437,7.860872944016194,6.819978119813593,7.340425531914893,8.33794909784984,False,memory_union,0.9940243085432312,0.9799756914567688,0.987,0.11327400407860576,0.9940243085432312,0.9799756914567688,0.987,0.11327400407860576,True,0.18032078492691853,0.14884588173974808,0.1645833333333333,0.25378215450351205,579.5501645488932,551.5818354511068,565.566,2.1556950590602955,225.5086464949848,0.492451183302269,137.85167087133252,120.54632912866751,129.199,139.53297602717433,0.48545847089034566,0.4621515299286222,0.4738050004094839,0.18792387245732098,,,,,,,deterministic,,,,,,,,,,,11.391898187150952,9.999998900353871,10.695948543752412,task_potential,0.0,0.0,0.0,0.0,-1.9750622492951946,-2.313017750704801,-2.1440399999999977,2.7249353163699084,21.773400489538957,21.122599510461043,21.448,5.247408503251867,-7.013979024174663,-7.57845388832051,-7.296216456247587,4.551361010838702,-1.2698182822395223,-1.3537717177604751,-1.3117949999999987,0.6769165775595968,11.222884396329109,,1,multi,,,,,,,,,,19.30671584291408,16.605102423246997,17.95590913308054,21.7831098701578,0.20532067662722273,0.0,logs/thesis_v2/confirm/baselines/pdet_0p70/multi/baseline_local_frontier/final_test_deterministic_summary.json,0.8282960337780318,0.808923968426148,0.8186100011020899,0.1561969691518493,328.3184130487617,320.5695869512383,324.444,3.7099241878494733,62.478787312175,0.0410277520496724,10.914655195842807,10.613344804157192,10.764,2.4294657849000467,,999
0.0,0.0,0.0,0.0,0.0,0.0,0.0,0.0,0.0,0.0,0.0,0.0,0.0,0.0,0.0,0.0,0.0,0.0,0.0,0.0,baseline_random,random,,,0.0,0.0,0.0,0.0,0.0,,0.004913333333333333,2.4305639908374603,1.9914360091625394,2.211,3.540689057231657,0.17210289986954846,0.12589710013045152,0.149,0.3725573781312081,0.20945390453730187,0.15054609546269812,0.18,0.4749736834815167,0.34253717065409056,0.3218788999219217,0.33220803528800613,0.1665676435460379,450.0,450.0,450.0,0.0,2.4574608402173093,2.3285391597826903,2.393,1.0394955507360288,0.06226493940660259,3.0593079191133623,2.890692080886638,2.975,1.35954955775801,0.7,150.0,150.0,150.0,0.0,logs/thesis_v2/confirm/baselines/pdet_0p70/multi/baseline_random/final_test_deterministic_episodes.csv,150.0,150.0,150.0,0.0,1000,200000,,,83.79201742602221,70.15242701842224,76.97222222222223,41.60861697020029,22.718609085527298,19.102596735678524,20.91060291060291,28.596016031967324,False,memory_union,0.16577165559592075,0.12222834440407924,0.144,0.35108973211986705,0.9738563950551465,0.9501436049448534,0.962,0.19119623427254,True,0.10536501681086437,0.07446831652246895,0.08991666666666666,0.2491201043450506,333.3278703551665,326.6141296448335,329.971,0.7332688888888889,54.13289350293405,0.7225177777777778,326.2694611914083,323.99653880859165,325.133,18.326573902396486,0.28027322631685986,0.2746784424522613,0.2774758343845606,0.0451107440965241,,,,,,,deterministic,,,,,,,,,,,-7.81726077922233,-8.143736380770687,-7.9804985799965085,task_potential,0.0,0.0,0.0,0.0,-0.0398287201832508,-0.04861127981674922,-0.04422000000000001,0.07081378114463313,0.9953854774579952,0.6926145225420047,0.844,2.4412423066955067,-6.408429544839374,-6.652127615153641,-6.530278579996508,1.9649376191858252,-2.2499999999999964,-2.2499999999999964,-2.2499999999999964,0.0,2.632372880102909,,1,multi,,,,,,,,,,5.410699358391494,4.776912260255835,5.093805809323665,5.11022557575199,0.033958705395491146,0.0,logs/thesis_v2/confirm/baselines/pdet_0p70/multi/baseline_random/final_test_deterministic_summary.json,0.6174433650291262,0.6045466342055501,0.6109949996173382,0.10398634477112771,243.97734617379635,238.81865382620364,241.398,1.60932,41.5945380548937,0.009006666666666666,4.282226745923434,3.8237732540765657,4.053,3.6965106519527304,,999
0.0,0.0,0.0,0.0,0.0,0.0,0.0,0.0,0.0,0.0,0.0,0.0,0.0,0.0,0.0,0.0,0.0,0.0,0.0,0.0,baseline_frontier,frontier,,,0.0,0.0,0.0,0.0,0.0,,,,,,,3.6947707930316245,3.625229206968376,3.66,0.5607138307550473,4.6243897786556225,4.533610221344377,4.579,0.7319555997463235,,,,,118.99136713593732,115.25663286406267,117.124,30.113163633202007,3.719475038231264,3.652524961768736,3.686,0.5398184880124058,0.9929462832338578,4.658265074906981,4.571734925093019,4.615,0.6976926257314177,0.7,,,,,logs/thesis_v2/confirm/baselines/pdet_0p70/single/baseline_frontier/final_test_deterministic_episodes.csv,118.99136713593732,115.25663286406267,117.124,30.113163633202007,1000,200000,,,24.05858722207505,21.88541277792495,22.972,17.522306240903337,20.251074972390455,18.082925027609548,19.167,17.481793700876352,False,,1.0,1.0,1.0,0.0,1.0,1.0,1.0,0.0,True,,,,,,,,,,,,,,,,,,,,340.512500085903,333.32949991409697,336.921,2.876617943376251,57.916532691451756,deterministic,117.99136713593732,114.25663286406267,116.124,30.113163633202007,,,,,,0.9914620402308665,13.417957409171434,12.675984508735857,13.046970958953645,task_potential,,,,,,,,,22.228100256392636,21.755899743607365,21.992,3.807352886192715,-8.161502913236934,-8.557315168855759,-8.359409041046346,3.1914343441343735,-0.5762831643203138,-0.5949568356796872,-0.5856200000000005,0.15056581816601017,5.982527734430441,,1,single,0.8537812518532711,0.8358237512056391,0.8448025015294551,0.14479133348730638,0.2584440422116731,31.336220228722066,29.203779771277933,30.27,17.19386809301502,,,,,,0.0,logs/thesis_v2/confirm/baselines/pdet_0p70/single/baseline_frontier/final_test_deterministic_summary.json,,,,,,,,,,0.09397732317885318,11.109927225627505,10.904072774372494,11.007,1.6598045065609384,,999
0.0,0.0,0.0,0.0,0.0,0.0,0.0,0.0,0.0,0.0,0.0,0.0,0.0,0.0,0.0,0.0,0.0,0.0,0.0,0.0,baseline_oracle,oracle,,,0.0,0.0,0.0,0.0,0.0,,,,,,,4.0,4.0,4.0,0.0,5.0,5.0,5.0,0.0,,,,,52.74503004423739,51.37896995576261,52.062,11.014542931960454,4.0,4.0,4.0,0.0,1.0,5.0,5.0,5.0,0.0,0.7,,,,,logs/thesis_v2/confirm/baselines/pdet_0p70/single/baseline_oracle/final_test_deterministic_episodes.csv,52.74503004423739,51.37896995576261,52.062,11.014542931960454,1000,200000,,,15.723588956602544,14.882411043397457,15.303,6.782417784241841,9.509686328382832,8.722313671617167,9.116,6.34858598429603,False,,1.0,1.0,1.0,0.0,1.0,1.0,1.0,0.0,True,,,,,,,,,,,,,,,,,,,,144.02271370452908,139.5232862954709,141.773,2.7231570051092926,36.278884643825535,deterministic,51.75258215634469,50.387417843655314,51.07,11.007320291515096,,,,,,0.9809457953977949,20.600486558769614,20.497978276111024,20.54923241744032,task_potential,,,,,,,,,24.0,24.0,24.0,0.0,-3.1422945700706633,-3.2386205950486886,-3.190457582559676,0.7766767703243252,-0.2568948497788132,-0.2637251502211871,-0.26031000000000015,0.055072714659802305,0.8265243159875832,,1,single,0.3625567837969814,0.3513082152886833,0.35693249954283235,0.09069721149388191,0.2991433291076025,15.793564384902282,15.354435615097717,15.574,3.5406954119212233,,,,,,0.0,logs/thesis_v2/confirm/baselines/pdet_0p70/single/baseline_oracle/final_test_deterministic_summary.json,,,,,,,,,,0.23051361837808768,12.00296,11.999039999999999,12.001,0.03160696125855822,,999
0.0,0.0,0.0,0.0,0.0,0.0,0.0,0.0,0.0,0.0,0.0,0.0,0.0,0.0,0.0,0.0,0.0,0.0,0.0,0.0,baseline_random,random,,,0.0,0.0,0.0,0.0,0.0,,,,,,,0.06913743353749283,0.04086256646250717,0.055,0.22798026230356,0.08783348195216283,0.050166518047837186,0.069,0.303708742053962,,,,,150.0,150.0,150.0,0.0,1.1400492068095882,1.027950793190412,1.084,0.9038495450018217,0.0507380073800738,1.4344956900971946,1.2875043099028054,1.361,1.185191545700525,0.7,,,,,logs/thesis_v2/confirm/baselines/pdet_0p70/single/baseline_random/final_test_deterministic_episodes.csv,150.0,150.0,150.0,0.0,1000,200000,,,80.88152005406405,59.154843582299584,70.01818181818182,40.729034052823216,45.739441826299014,39.451569409656045,42.59550561797753,42.77130039061124,False,,0.06913743353749283,0.04086256646250717,0.055,0.22798026230356,0.7400808059225739,0.6839191940774261,0.712,0.45283109433871693,True,,,,,,,,,,,,,,,,,,,,111.63276370421626,107.76923629578373,109.701,0.73134,31.151622734618496,deterministic,149.2279431045394,149.1780568954606,149.203,0.4022325198190717,,,,,,0.9946866666666667,-3.014328112367115,-3.2305978846044616,-3.1224629984857883,task_potential,,,,,,,,,6.9658487425356785,5.106878530191594,6.036363636363636,3.4848432147522734,-2.6146219285705405,-2.794304068401042,-2.7044629984857913,1.4487771511422232,-0.7500000000000004,-0.7500000000000004,-0.7500000000000004,1.1102230246251565e-16,1.743783242985465,,1,single,0.2815819089738703,0.27192309047001834,0.2767524997219443,0.07787905669762651,0.72296,109.09825342634815,107.78974657365185,108.444,10.550491173400411,,,,,,0.0,logs/thesis_v2/confirm/baselines/pdet_0p70/single/baseline_random/final_test_deterministic_summary.json,,,,,,,,,,0.009526666666666666,1.570366977461912,1.287633022538088,1.429,2.279683969325573,,999
