{
  "schema_version": 1,
  "scope": "multi",
  "algo": "baseline_local_frontier",
  "baseline": "local_frontier",
  "is_baseline": true,
  "training_seed": 999,
  "detection_probability": 1.0,
  "reward_mode": "task_potential",
  "global_state_mode": "memory_union",
  "policy_mode": "deterministic",
  "eval_seed_base": 200000,
  "episodes": 300,
  "episode_csv": "logs/thesis_v2/screen/baselines/pdet_1p00/multi/baseline_local_frontier/final_test_deterministic_episodes.csv",
  "summary": {
    "episodes": 300,
    "action_0_mean": 0.0,
    "action_0_std": 0.0,
    "action_0_ci95_low": 0.0,
    "action_0_ci95_high": 0.0,
    "action_1_mean": 0.0,
    "action_1_std": 0.0,
    "action_1_ci95_low": 0.0,
    "action_1_ci95_high": 0.0,
    "action_2_mean": 0.0,
    "action_2_std": 0.0,
    "action_2_ci95_low": 0.0,
    "action_2_ci95_high": 0.0,
    "action_3_mean": 0.0,
    "action_3_std": 0.0,
    "action_3_ci95_low": 0.0,
    "action_3_ci95_high": 0.0,
    "action_4_mean": 0.0,
    "action_4_std": 0.0,
    "action_4_ci95_low": 0.0,
    "action_4_ci95_high": 0.0,
    "boundary_hits_mean": 0.0,
    "boundary_hits_std": 0.0,
    "boundary_hits_ci95_low": 0.0,
    "boundary_hits_ci95_high": 0.0,
    "collision_agents_mean": 67.89666666666666,
    "collision_agents_std": 112.25752828009156,
    "collision_agents_ci95_low": 55.172306519986776,
    "collision_agents_ci95_high": 80.62102681334655,
    "completed_mean": 3.8,
    "completed_std": 0.6164414002968976,
    "completed_ci95_low": 3.7301265357711206,
    "completed_ci95_high": 3.869873464228879,
    "completed_value_mean": 4.75,
    "completed_value_std": 0.796345821026686,
    "completed_value_ci95_low": 4.659734418855505,
    "completed_value_ci95_high": 4.840265581144495,
    "coverage_overlap_ratio_mean": 0.448953907187328,
    "coverage_overlap_ratio_std": 0.24809732012855776,
    "coverage_overlap_ratio_ci95_low": 0.42083214376434197,
    "coverage_overlap_ratio_ci95_high": 0.4770756706103141,
    "decisions_mean": 208.79,
    "decisions_std": 118.55811191141669,
    "decisions_ci95_low": 195.351470420877,
    "decisions_ci95_high": 222.22852957912298,
    "detected_mean": 3.8,
    "detected_std": 0.6164414002968976,
    "detected_ci95_low": 3.7301265357711206,
    "detected_ci95_high": 3.869873464228879,
    "detected_value_mean": 4.75,
    "detected_value_std": 0.796345821026686,
    "detected_value_ci95_low": 4.659734418855505,
    "detected_value_ci95_high": 4.840265581144495,
    "env_steps_mean": 69.59666666666666,
    "env_steps_std": 39.51937063713889,
    "env_steps_ci95_low": 65.117156806959,
    "env_steps_ci95_high": 74.07617652637433,
    "episode_length_mean": 69.59666666666666,
    "episode_length_std": 39.51937063713889,
    "episode_length_ci95_low": 65.117156806959,
    "episode_length_ci95_high": 74.07617652637433,
    "first_completion_step_mean": 10.31438127090301,
    "first_completion_step_std": 7.4578970200490105,
    "first_completion_step_ci95_low": 9.467613496629184,
    "first_completion_step_ci95_high": 11.161149045176835,
    "first_detection_step_mean": 6.391304347826087,
    "first_detection_step_std": 7.395021689644699,
    "first_detection_step_ci95_low": 5.551675422941045,
    "first_detection_step_ci95_high": 7.230933272711129,
    "had_completion_mean": 0.9966666666666667,
    "had_completion_std": 0.05763872155263527,
    "had_completion_ci95_low": 0.9901333333333334,
    "had_completion_ci95_high": 1.0032,
    "had_detection_mean": 0.9966666666666667,
    "had_detection_std": 0.05763872155263527,
    "had_detection_ci95_low": 0.9901333333333334,
    "had_detection_ci95_high": 1.0032,
    "knowledge_overlap_ratio_mean": 0.1311111111111111,
    "knowledge_overlap_ratio_std": 0.20510762004974153,
    "knowledge_overlap_ratio_ci95_low": 0.10786221844148565,
    "knowledge_overlap_ratio_ci95_high": 0.15436000378073655,
    "local_new_observed_cells_mean": 520.87,
    "local_new_observed_cells_std": 211.25898742223174,
    "local_new_observed_cells_ci95_low": 496.92385152008444,
    "local_new_observed_cells_ci95_high": 544.8161484799156,
    "local_sensor_revisit_steps_mean": 83.58666666666667,
    "local_sensor_revisit_steps_std": 112.00385033064215,
    "local_sensor_revisit_steps_ci95_low": 70.89106084621791,
    "local_sensor_revisit_steps_ci95_high": 96.28227248711543,
    "mean_local_coverage_ratio_mean": 0.4365583316236734,
    "mean_local_coverage_ratio_std": 0.17604915583261774,
    "mean_local_coverage_ratio_ci95_low": 0.41660320793037475,
    "mean_local_coverage_ratio_ci95_high": 0.45651345531697207,
    "reward_mean": 14.78565833401555,
    "reward_std": 9.061912538695085,
    "reward_ci95_low": 13.758493024688853,
    "reward_ci95_high": 15.812823643342245,
    "reward_part_boundary_mean": 0.0,
    "reward_part_boundary_std": 0.0,
    "reward_part_boundary_ci95_low": 0.0,
    "reward_part_boundary_ci95_high": 0.0,
    "reward_part_collision_mean": -1.357933333333332,
    "reward_part_collision_std": 2.2451505656018274,
    "reward_part_collision_ci95_low": -1.6124205362669295,
    "reward_part_collision_ci95_high": -1.1034461303997347,
    "reward_part_complete_mean": 22.8,
    "reward_part_complete_std": 3.9665266081716046,
    "reward_part_complete_ci95_low": 22.35039529315278,
    "reward_part_complete_ci95_high": 23.249604706847222,
    "reward_part_potential_mean": -5.612458332651115,
    "reward_part_potential_std": 3.8150861105534175,
    "reward_part_potential_ci95_low": -6.044897300487244,
    "reward_part_potential_ci95_high": -5.180019364814986,
    "reward_part_step_mean": -1.0439499999999995,
    "reward_part_step_std": 0.5927905595570819,
    "reward_part_step_ci95_low": -1.1111426478956141,
    "reward_part_step_ci95_high": -0.9767573521043847,
    "simultaneous_overlap_sum_mean": 11.710041663655153,
    "simultaneous_overlap_sum_std": 17.632154309718693,
    "simultaneous_overlap_sum_ci95_low": 9.711441792126683,
    "simultaneous_overlap_sum_ci95_high": 13.708641535183622,
    "team_coverage_ratio_mean": 0.8017916682362557,
    "team_coverage_ratio_std": 0.1569156435209732,
    "team_coverage_ratio_ci95_low": 0.7840053229336307,
    "team_coverage_ratio_ci95_high": 0.8195780135388807,
    "team_new_observed_cells_mean": 317.71666666666664,
    "team_new_observed_cells_std": 62.766257300842426,
    "team_new_observed_cells_ci95_low": 310.602128557807,
    "team_new_observed_cells_ci95_high": 324.83120477552626,
    "tracking_progress_steps_mean": 11.4,
    "tracking_progress_steps_std": 1.8493242008906932,
    "tracking_progress_steps_ci95_low": 11.190379607313362,
    "tracking_progress_steps_ci95_high": 11.609620392686638,
    "detected_to_completed_ratio": 1.0,
    "stay_ratio": 0.0,
    "boundary_hit_ratio": 0.0,
    "collision_agent_ratio": 0.32519118093139837,
    "local_sensor_revisit_ratio": 0.40033845809984514,
    "local_new_observed_cells_per_decision": 2.4947076009387423,
    "team_new_observed_cells_per_env_step": 4.565113271708415,
    "tracking_progress_ratio": 0.054600316107093254,
    "simultaneous_sensor_overlap_ratio_mean": 0.16825578327968507,
    "eval_seed_base": 200000
  }
}