{
  "reward_version": "v3_frontier",
  "ablation": "v3",
  "episodes": 500,
  "reward_mean": 38.30417,
  "reward_std": 4.845392031724566,
  "detected_mean": 3.852,
  "completed_mean": 3.836,
  "detected_value_mean": 4.824,
  "completed_value_mean": 4.808,
  "sensor_coverage_ratio_mean": 0.7962650007009506,
  "episode_length_mean": 103.314,
  "detected_to_completed_ratio": 0.995846313603323,
  "first_detection_step_mean": 16.874,
  "first_completion_step_mean": 19.842,
  "stay_ratio": 0.07427841338056798,
  "boundary_hit_ratio": 0.0007743384246084752,
  "revisit_ratio": 0.990320769692394,
  "sensor_revisit_ratio": 0.20516096560001548,
  "new_observed_cells_per_step": 3.0732136980467315,
  "tracking_progress_ratio": 0.11160152544669648,
  "action_counts": {
    "left": 12128,
    "down": 11900,
    "right": 11851,
    "up": 11941,
    "stay": 3837
  },
  "reward_part_step_mean_per_episode": -0.5165699999996752,
  "reward_part_step_mean_per_step": -0.004999999999996857,
  "reward_part_boundary_mean_per_episode": -0.016000000000000007,
  "reward_part_boundary_mean_per_step": -0.0001548676849216951,
  "reward_part_new_cell_mean_per_episode": 0.0020000000000000013,
  "reward_part_new_cell_mean_per_step": 1.935846061521189e-05,
  "reward_part_revisit_mean_per_episode": 0.0,
  "reward_part_revisit_mean_per_step": 0.0,
  "reward_part_new_observed_mean_per_episode": 4.736339999999408,
  "reward_part_new_observed_mean_per_step": 0.045844125675120584,
  "reward_part_detect_mean_per_episode": 3.1859999999999378,
  "reward_part_detect_mean_per_step": 0.03083802776003192,
  "reward_part_track_progress_mean_per_episode": 3.472400000000174,
  "reward_part_track_progress_mean_per_step": 0.033610159320132546,
  "reward_part_complete_mean_per_episode": 23.12,
  "reward_part_complete_mean_per_step": 0.2237838047118493,
  "reward_part_idle_stay_mean_per_episode": 0.0,
  "reward_part_idle_stay_mean_per_step": 0.0,
  "reward_part_all_targets_mean_per_episode": 4.32,
  "reward_part_all_targets_mean_per_step": 0.041814274928857656,
  "algo": "baseline_frontier",
  "baseline": "frontier",
  "seed": 999,
  "eval_seed_base": 200000
}