{
  "reward_version": "v3_frontier",
  "ablation": "v3",
  "episodes": 500,
  "reward_mean": 3.6353179999999985,
  "reward_std": 6.72896029895228,
  "detected_mean": 1.032,
  "completed_mean": 0.568,
  "detected_value_mean": 1.278,
  "completed_value_mean": 0.716,
  "sensor_coverage_ratio_mean": 0.2752149996012449,
  "episode_length_mean": 149.964,
  "detected_to_completed_ratio": 0.5503875968992248,
  "first_detection_step_mean": 40.340298507462684,
  "first_completion_step_mean": 56.52914798206278,
  "stay_ratio": 0.19972793470432904,
  "boundary_hit_ratio": 0.04167666906724281,
  "revisit_ratio": 0.9948387613027126,
  "sensor_revisit_ratio": 0.7265343682483796,
  "new_observed_cells_per_step": 0.7274145794990797,
  "tracking_progress_ratio": 0.013229841828705556,
  "action_counts": {
    "right": 14891,
    "left": 15192,
    "stay": 14976,
    "down": 15002,
    "up": 14921
  },
  "reward_part_step_mean_per_episode": -0.7498199999994631,
  "reward_part_step_mean_per_step": -0.00499999999999642,
  "reward_part_boundary_mean_per_episode": -1.2500000000000102,
  "reward_part_boundary_mean_per_step": -0.00833533381344863,
  "reward_part_new_cell_mean_per_episode": 0.0015480000000000012,
  "reward_part_new_cell_mean_per_step": 1.0322477394574705e-05,
  "reward_part_revisit_mean_per_episode": 0.0,
  "reward_part_revisit_mean_per_step": 0.0,
  "reward_part_new_observed_mean_per_episode": 1.6148099999995384,
  "reward_part_new_observed_mean_per_step": 0.010767984316232819,
  "reward_part_detect_mean_per_episode": 0.8406000000000052,
  "reward_part_detect_mean_per_step": 0.005605345282867923,
  "reward_part_track_progress_mean_per_episode": 0.6023999999999913,
  "reward_part_track_progress_mean_per_step": 0.004016964071377072,
  "reward_part_complete_mean_per_episode": 3.456,
  "reward_part_complete_mean_per_step": 0.02304553092742258,
  "reward_part_idle_stay_mean_per_episode": -0.8902199999996738,
  "reward_part_idle_stay_mean_per_step": -0.005936224693924368,
  "reward_part_all_targets_mean_per_episode": 0.01,
  "reward_part_all_targets_mean_per_step": 6.66826705075885e-05,
  "algo": "baseline_random",
  "baseline": "random",
  "seed": 999,
  "eval_seed_base": 200000
}