{
  "reward_version": "v3_frontier",
  "ablation": "C",
  "episodes": 300,
  "reward_mean": 4.135876666666669,
  "reward_std": 5.911041529893211,
  "detected_mean": 1.4633333333333334,
  "completed_mean": 0.43666666666666665,
  "detected_value_mean": 1.7966666666666666,
  "completed_value_mean": 0.52,
  "sensor_coverage_ratio_mean": 0.35277499991158645,
  "episode_length_mean": 150.0,
  "detected_to_completed_ratio": 0.2984054669703872,
  "first_detection_step_mean": 44.19421487603306,
  "first_completion_step_mean": 66.98165137614679,
  "stay_ratio": 0.28602222222222223,
  "boundary_hit_ratio": 0.0,
  "revisit_ratio": 0.9951333333333333,
  "sensor_revisit_ratio": 0.7412,
  "new_observed_cells_per_step": 0.9340666666666667,
  "tracking_progress_ratio": 0.011866666666666666,
  "action_counts": {
    "right": 8821,
    "down": 7181,
    "left": 8674,
    "up": 7453,
    "stay": 12871
  },
  "reward_part_step_mean_per_episode": -0.7499999999995596,
  "reward_part_step_mean_per_step": -0.004999999999997064,
  "reward_part_boundary_mean_per_episode": 0.0,
  "reward_part_boundary_mean_per_step": 0.0,
  "reward_part_new_cell_mean_per_episode": 0.001460000000000001,
  "reward_part_new_cell_mean_per_step": 9.73333333333334e-06,
  "reward_part_revisit_mean_per_episode": 0.0,
  "reward_part_revisit_mean_per_step": 0.0,
  "reward_part_new_observed_mean_per_episode": 2.0804499999998227,
  "reward_part_new_observed_mean_per_step": 0.013869666666665484,
  "reward_part_detect_mean_per_episode": 1.1780000000000053,
  "reward_part_detect_mean_per_step": 0.007853333333333368,
  "reward_part_track_progress_mean_per_episode": 0.4973333333333316,
  "reward_part_track_progress_mean_per_step": 0.003315555555555544,
  "reward_part_complete_mean_per_episode": 2.4133333333333336,
  "reward_part_complete_mean_per_step": 0.01608888888888889,
  "reward_part_idle_stay_mean_per_episode": -1.2846999999996374,
  "reward_part_idle_stay_mean_per_step": -0.00856466666666425,
  "reward_part_all_targets_mean_per_episode": 0.0,
  "reward_part_all_targets_mean_per_step": 0.0,
  "algo": "ddqn",
  "seed": 42,
  "checkpoint": "runs/single_suite/screen/C/ddqn_seed42_train400/best.pt",
  "evaluation_mode": "posterior_mean",
  "eval_seed_base": 200000
}