{
  "reward_version": "v3_frontier",
  "ablation": "C",
  "episodes": 300,
  "reward_mean": 2.9874333333333363,
  "reward_std": 5.98003337328109,
  "detected_mean": 1.0733333333333333,
  "completed_mean": 0.32,
  "detected_value_mean": 1.3633333333333333,
  "completed_value_mean": 0.4166666666666667,
  "sensor_coverage_ratio_mean": 0.2598583331828316,
  "episode_length_mean": 150.0,
  "detected_to_completed_ratio": 0.2981366459627329,
  "first_detection_step_mean": 47.83253588516747,
  "first_completion_step_mean": 67.48780487804878,
  "stay_ratio": 0.25906666666666667,
  "boundary_hit_ratio": 0.0,
  "revisit_ratio": 0.9933333333333333,
  "sensor_revisit_ratio": 0.8149111111111111,
  "new_observed_cells_per_step": 0.6862888888888888,
  "tracking_progress_ratio": 0.008777777777777778,
  "action_counts": {
    "left": 11085,
    "down": 5615,
    "up": 5298,
    "stay": 11658,
    "right": 11344
  },
  "reward_part_step_mean_per_episode": -0.7499999999995596,
  "reward_part_step_mean_per_step": -0.004999999999997064,
  "reward_part_boundary_mean_per_episode": 0.0,
  "reward_part_boundary_mean_per_step": 0.0,
  "reward_part_new_cell_mean_per_episode": 0.0020000000000000013,
  "reward_part_new_cell_mean_per_step": 1.3333333333333343e-05,
  "reward_part_revisit_mean_per_episode": 0.0,
  "reward_part_revisit_mean_per_step": 0.0,
  "reward_part_new_observed_mean_per_episode": 1.5220999999998888,
  "reward_part_new_observed_mean_per_step": 0.010147333333332592,
  "reward_part_detect_mean_per_episode": 0.9049999999999985,
  "reward_part_detect_mean_per_step": 0.006033333333333323,
  "reward_part_track_progress_mean_per_episode": 0.41800000000000115,
  "reward_part_track_progress_mean_per_step": 0.0027866666666666743,
  "reward_part_complete_mean_per_episode": 2.0533333333333332,
  "reward_part_complete_mean_per_step": 0.01368888888888889,
  "reward_part_idle_stay_mean_per_episode": -1.162999999999748,
  "reward_part_idle_stay_mean_per_step": -0.007753333333331654,
  "reward_part_all_targets_mean_per_episode": 0.0,
  "reward_part_all_targets_mean_per_step": 0.0,
  "algo": "ddqn",
  "seed": 43,
  "checkpoint": "runs/single_suite/screen/C/ddqn_seed43_train400/best.pt",
  "evaluation_mode": "posterior_mean",
  "eval_seed_base": 200000
}