ablation,algo,boundary_hit_ratio,completed_mean,completed_value_mean,detected_mean,detected_to_completed_ratio,detected_value_mean,new_observed_cells_per_step,reward_mean,seed,sensor_coverage_ratio_mean,sensor_revisit_ratio,source,stay_ratio,tracking_progress_ratio
B,ddqn,0.1436,0.17,0.21666666666666667,0.85,0.2,1.0566666666666666,0.5032444444444445,-4.760640000000001,44,0.1912166658633699,0.8785111111111111,logs/single_suite/screen/B/ddqn_seed44_eval300.json,0.6191333333333333,0.004977777777777778
C,ddqn,0.0,0.43666666666666665,0.52,1.4633333333333334,0.2984054669703872,1.7966666666666666,0.9340666666666667,4.135876666666669,42,0.35277499991158645,0.7412,logs/single_suite/screen/C/ddqn_seed42_eval300.json,0.28602222222222223,0.011866666666666666
C,ddqn,0.0,0.32,0.4166666666666667,1.0733333333333333,0.2981366459627329,1.3633333333333333,0.6862888888888888,2.9874333333333363,43,0.2598583331828316,0.8149111111111111,logs/single_suite/screen/C/ddqn_seed43_eval300.json,0.25906666666666667,0.008777777777777778
C,ddqn,0.0,0.34,0.42333333333333334,1.2333333333333334,0.2756756756756757,1.5666666666666667,0.7744666666666666,3.8153266666666728,44,0.29292499943325917,0.7763111111111111,logs/single_suite/screen/C/ddqn_seed44_eval300.json,0.14457777777777778,0.009444444444444445
D,ddqn,0.0,0.49,0.59,1.47,0.3333333333333333,1.8366666666666667,0.9392222222222222,5.3648500000000015,42,0.35470833311478295,0.7254222222222222,logs/single_suite/screen/D/ddqn_seed42_eval300.json,0.1771111111111111,0.013177777777777778
D,ddqn,0.0,0.37,0.4533333333333333,1.33,0.2781954887218045,1.6533333333333333,0.8540666666666666,3.579306666666669,43,0.32277500044554475,0.7557333333333334,logs/single_suite/screen/D/ddqn_seed43_eval300.json,0.33097777777777776,0.010355555555555555
D,ddqn,0.0,0.49,0.6066666666666667,1.45,0.33793103448275863,1.8066666666666666,0.9569333333333333,5.410383333333334,44,0.3613500006745259,0.7172888888888889,logs/single_suite/screen/D/ddqn_seed44_eval300.json,0.21197777777777776,0.01331111111111111
