{
  "episodes": 300,
  "reward_mean": 10.964383333333325,
  "reward_std": 8.531811110762009,
  "detected_mean": 2.716666666666667,
  "completed_mean": 1.2333333333333334,
  "detected_value_mean": 3.3933333333333335,
  "completed_value_mean": 1.5033333333333334,
  "detected_to_completed_ratio": 0.4539877300613497,
  "team_coverage_ratio_mean": 0.6430083322028319,
  "mean_local_coverage_ratio_mean": 0.29568333315352596,
  "coverage_overlap_ratio_mean": 0.3396454725863712,
  "knowledge_overlap_ratio_mean": 0.05944444444444444,
  "episode_length_mean": 149.95666666666668,
  "first_detection_step_mean": 22.38566552901024,
  "first_completion_step_mean": 61.357142857142854,
  "stay_ratio": 0.08049732885796637,
  "boundary_hit_ratio": 0.0,
  "collision_agent_ratio": 0.08759567578782018,
  "local_sensor_revisit_ratio": 0.7597824556723795,
  "local_new_observed_cells_per_decision": 0.7820481472425367,
  "team_new_observed_cells_per_env_step": 1.6951786071531776,
  "tracking_progress_ratio": 0.010002889723697957,
  "action_counts": {
    "left": 34766,
    "down": 28113,
    "up": 26916,
    "right": 34302,
    "stay": 10864
  },
  "eval_seed_base": 100000,
  "reward_part_step_mean_per_episode": -2.2493499999999966,
  "reward_part_step_mean_per_env_step": -0.014999999999999977,
  "reward_part_boundary_mean_per_episode": 0.0,
  "reward_part_boundary_mean_per_env_step": 0.0,
  "reward_part_collision_mean_per_episode": -0.7881333333333336,
  "reward_part_collision_mean_per_env_step": -0.005255740547269213,
  "reward_part_new_cell_mean_per_episode": 0.005666666666666666,
  "reward_part_new_cell_mean_per_env_step": 3.778869451174783e-05,
  "reward_part_revisit_mean_per_episode": 0.0,
  "reward_part_revisit_mean_per_env_step": 0.0,
  "reward_part_new_observed_mean_per_episode": 3.773899999999999,
  "reward_part_new_observed_mean_per_env_step": 0.025166603685509138,
  "reward_part_detect_mean_per_episode": 2.2390000000000003,
  "reward_part_detect_mean_per_env_step": 0.014930980060906485,
  "reward_part_track_progress_mean_per_episode": 1.958,
  "reward_part_track_progress_mean_per_env_step": 0.0130571053860004,
  "reward_part_complete_mean_per_episode": 7.093333333333334,
  "reward_part_complete_mean_per_env_step": 0.04730255407117612,
  "reward_part_idle_stay_mean_per_episode": -1.0847000000000002,
  "reward_part_idle_stay_mean_per_env_step": -0.007233422988863451,
  "reward_part_all_targets_mean_per_episode": 0.016666666666666666,
  "reward_part_all_targets_mean_per_env_step": 0.00011114321915219952,
  "algo": "qmix_ddqn",
  "seed": 43,
  "n_agents": 3,
  "reward_version": "multi_local_v1_from_single_D"
}