{
  "episodes": 300,
  "reward_mean": 7.403189999999997,
  "reward_std": 8.955099319786086,
  "detected_mean": 2.61,
  "completed_mean": 1.1066666666666667,
  "detected_value_mean": 3.263333333333333,
  "completed_value_mean": 1.3666666666666667,
  "detected_to_completed_ratio": 0.42401021711366543,
  "team_coverage_ratio_mean": 0.6446666665375232,
  "mean_local_coverage_ratio_mean": 0.29722222246229646,
  "coverage_overlap_ratio_mean": 0.3456582153992657,
  "knowledge_overlap_ratio_mean": 0.06527777777777777,
  "episode_length_mean": 150.0,
  "first_detection_step_mean": 27.564625850340136,
  "first_completion_step_mean": 63.46478873239437,
  "stay_ratio": 0.2888074074074074,
  "boundary_hit_ratio": 0.0,
  "collision_agent_ratio": 0.08213333333333334,
  "local_sensor_revisit_ratio": 0.7592666666666666,
  "local_new_observed_cells_per_decision": 0.7859259259259259,
  "team_new_observed_cells_per_env_step": 1.699111111111111,
  "tracking_progress_ratio": 0.009066666666666667,
  "action_counts": {
    "down": 22228,
    "right": 24557,
    "stay": 38989,
    "left": 26258,
    "up": 22968
  },
  "eval_seed_base": 100000,
  "reward_part_step_mean_per_episode": -2.249999999999996,
  "reward_part_step_mean_per_env_step": -0.014999999999999975,
  "reward_part_boundary_mean_per_episode": 0.0,
  "reward_part_boundary_mean_per_env_step": 0.0,
  "reward_part_collision_mean_per_episode": -0.7392000000000003,
  "reward_part_collision_mean_per_env_step": -0.004928000000000003,
  "reward_part_new_cell_mean_per_episode": 0.005073333333333333,
  "reward_part_new_cell_mean_per_env_step": 3.382222222222222e-05,
  "reward_part_revisit_mean_per_episode": 0.0,
  "reward_part_revisit_mean_per_env_step": 0.0,
  "reward_part_new_observed_mean_per_episode": 3.778849999999999,
  "reward_part_new_observed_mean_per_env_step": 0.025192333333333327,
  "reward_part_detect_mean_per_episode": 2.1540000000000004,
  "reward_part_detect_mean_per_env_step": 0.014360000000000001,
  "reward_part_track_progress_mean_per_episode": 1.8359999999999999,
  "reward_part_track_progress_mean_per_env_step": 0.01224,
  "reward_part_complete_mean_per_episode": 6.506666666666667,
  "reward_part_complete_mean_per_env_step": 0.04337777777777778,
  "reward_part_idle_stay_mean_per_episode": -3.8881999999999977,
  "reward_part_idle_stay_mean_per_env_step": -0.02592133333333332,
  "reward_part_all_targets_mean_per_episode": 0.0,
  "reward_part_all_targets_mean_per_env_step": 0.0,
  "algo": "qmix_ddqn",
  "seed": 42,
  "n_agents": 3,
  "reward_version": "multi_local_v1_from_single_D"
}