{
  "episodes": 300,
  "reward_mean": 10.676923333333326,
  "reward_std": 8.564502444243645,
  "detected_mean": 2.7133333333333334,
  "completed_mean": 1.2366666666666666,
  "detected_value_mean": 3.3833333333333333,
  "completed_value_mean": 1.52,
  "detected_to_completed_ratio": 0.45577395577395574,
  "team_coverage_ratio_mean": 0.6642250003417333,
  "mean_local_coverage_ratio_mean": 0.31679444467027984,
  "coverage_overlap_ratio_mean": 0.3779566684337957,
  "knowledge_overlap_ratio_mean": 0.09888888888888889,
  "episode_length_mean": 149.83666666666667,
  "first_detection_step_mean": 20.674657534246574,
  "first_completion_step_mean": 51.49561403508772,
  "stay_ratio": 0.11525883740072523,
  "boundary_hit_ratio": 0.0,
  "collision_agent_ratio": 0.10526276760620824,
  "local_sensor_revisit_ratio": 0.7424084002580588,
  "local_new_observed_cells_per_decision": 0.8390321312836941,
  "team_new_observed_cells_per_env_step": 1.7531756801850904,
  "tracking_progress_ratio": 0.010366843896687504,
  "action_counts": {
    "down": 34726,
    "up": 30209,
    "left": 25600,
    "right": 28775,
    "stay": 15543
  },
  "eval_seed_base": 100000,
  "reward_part_step_mean_per_episode": -2.2475499999999964,
  "reward_part_step_mean_per_env_step": -0.014999999999999977,
  "reward_part_boundary_mean_per_episode": 0.0,
  "reward_part_boundary_mean_per_env_step": 0.0,
  "reward_part_collision_mean_per_episode": -0.9463333333333336,
  "reward_part_collision_mean_per_env_step": -0.0063157660563724965,
  "reward_part_new_cell_mean_per_episode": 0.005906666666666666,
  "reward_part_new_cell_mean_per_env_step": 3.942070254276879e-05,
  "reward_part_revisit_mean_per_episode": 0.0,
  "reward_part_revisit_mean_per_env_step": 0.0,
  "reward_part_new_observed_mean_per_episode": 3.9012999999999995,
  "reward_part_new_observed_mean_per_env_step": 0.026037018086360702,
  "reward_part_detect_mean_per_episode": 2.231,
  "reward_part_detect_mean_per_env_step": 0.014889546394963404,
  "reward_part_track_progress_mean_per_episode": 2.0540000000000003,
  "reward_part_track_progress_mean_per_env_step": 0.013708260105448155,
  "reward_part_complete_mean_per_episode": 7.213333333333333,
  "reward_part_complete_mean_per_env_step": 0.04814130942581923,
  "reward_part_idle_stay_mean_per_episode": -1.5514000000000001,
  "reward_part_idle_stay_mean_per_env_step": -0.01035394095793197,
  "reward_part_all_targets_mean_per_episode": 0.016666666666666666,
  "reward_part_all_targets_mean_per_env_step": 0.00011123223065115347,
  "algo": "qmix_ddqn",
  "seed": 44,
  "n_agents": 3,
  "reward_version": "multi_local_v1_from_single_D"
}