{
  "episodes": 300,
  "reward_mean": 8.832989999999993,
  "reward_std": 9.72223883183463,
  "detected_mean": 2.7066666666666666,
  "completed_mean": 1.29,
  "detected_value_mean": 3.3866666666666667,
  "completed_value_mean": 1.6333333333333333,
  "detected_to_completed_ratio": 0.47660098522167493,
  "team_coverage_ratio_mean": 0.6709416681528091,
  "mean_local_coverage_ratio_mean": 0.3360166666905085,
  "coverage_overlap_ratio_mean": 0.42402171582121684,
  "knowledge_overlap_ratio_mean": 0.11722222222222221,
  "episode_length_mean": 149.39,
  "first_detection_step_mean": 15.332191780821917,
  "first_completion_step_mean": 49.17446808510638,
  "stay_ratio": 0.27754349168098413,
  "boundary_hit_ratio": 0.0,
  "collision_agent_ratio": 0.17450223501498688,
  "local_sensor_revisit_ratio": 0.7318056392291615,
  "local_new_observed_cells_per_decision": 0.8930093491309101,
  "team_new_observed_cells_per_env_step": 1.7764018118124818,
  "tracking_progress_ratio": 0.010687908606109289,
  "action_counts": {
    "right": 20306,
    "left": 22397,
    "down": 24637,
    "up": 29795,
    "stay": 37316
  },
  "eval_seed_base": 100000,
  "reward_part_step_mean_per_episode": -2.2408499999999965,
  "reward_part_step_mean_per_env_step": -0.014999999999999977,
  "reward_part_boundary_mean_per_episode": 0.0,
  "reward_part_boundary_mean_per_env_step": 0.0,
  "reward_part_collision_mean_per_episode": -1.564133333333334,
  "reward_part_collision_mean_per_env_step": -0.010470134100899217,
  "reward_part_new_cell_mean_per_episode": 0.004773333333333333,
  "reward_part_new_cell_mean_per_env_step": 3.19521610103309e-05,
  "reward_part_revisit_mean_per_episode": 0.0,
  "reward_part_revisit_mean_per_env_step": 0.0,
  "reward_part_new_observed_mean_per_episode": 3.937799999999999,
  "reward_part_new_observed_mean_per_env_step": 0.026359194055827023,
  "reward_part_detect_mean_per_episode": 2.2359999999999998,
  "reward_part_detect_mean_per_env_step": 0.014967534640872882,
  "reward_part_track_progress_mean_per_episode": 2.1929999999999996,
  "reward_part_track_progress_mean_per_env_step": 0.014679697436240709,
  "reward_part_complete_mean_per_episode": 7.906666666666666,
  "reward_part_complete_mean_per_env_step": 0.0529263449137604,
  "reward_part_idle_stay_mean_per_episode": -3.723599999999998,
  "reward_part_idle_stay_mean_per_env_step": -0.024925363143450018,
  "reward_part_all_targets_mean_per_episode": 0.08333333333333333,
  "reward_part_all_targets_mean_per_env_step": 0.0005578240399848271,
  "algo": "shared_bdqn",
  "seed": 43,
  "n_agents": 3,
  "reward_version": "multi_local_v1_from_single_D"
}