{
  "episodes": 300,
  "reward_mean": 5.031119999999995,
  "reward_std": 8.818736313040166,
  "detected_mean": 2.4433333333333334,
  "completed_mean": 1.0933333333333333,
  "detected_value_mean": 3.0533333333333332,
  "completed_value_mean": 1.3566666666666667,
  "detected_to_completed_ratio": 0.44747612551159616,
  "team_coverage_ratio_mean": 0.5866666666666667,
  "mean_local_coverage_ratio_mean": 0.26937500034769374,
  "coverage_overlap_ratio_mean": 0.33536844108643543,
  "knowledge_overlap_ratio_mean": 0.07805555555555554,
  "episode_length_mean": 149.92,
  "first_detection_step_mean": 26.078767123287673,
  "first_completion_step_mean": 60.32093023255814,
  "stay_ratio": 0.3734139689315783,
  "boundary_hit_ratio": 0.0,
  "collision_agent_ratio": 0.16122672832918297,
  "local_sensor_revisit_ratio": 0.7986778133523064,
  "local_new_observed_cells_per_decision": 0.7120464247598719,
  "team_new_observed_cells_per_env_step": 1.5452685876912131,
  "tracking_progress_ratio": 0.00908632752282699,
  "action_counts": {
    "down": 32161,
    "right": 11924,
    "up": 27189,
    "stay": 50384,
    "left": 13270
  },
  "eval_seed_base": 100000,
  "reward_part_step_mean_per_episode": -2.2487999999999966,
  "reward_part_step_mean_per_env_step": -0.014999999999999977,
  "reward_part_boundary_mean_per_episode": 0.0,
  "reward_part_boundary_mean_per_env_step": 0.0,
  "reward_part_collision_mean_per_episode": -1.4502666666666675,
  "reward_part_collision_mean_per_env_step": -0.009673603699750982,
  "reward_part_new_cell_mean_per_episode": 0.005719999999999999,
  "reward_part_new_cell_mean_per_env_step": 3.8153681963713974e-05,
  "reward_part_revisit_mean_per_episode": 0.0,
  "reward_part_revisit_mean_per_env_step": 0.0,
  "reward_part_new_observed_mean_per_episode": 3.440499999999999,
  "reward_part_new_observed_mean_per_env_step": 0.02294890608324439,
  "reward_part_detect_mean_per_episode": 2.015,
  "reward_part_detect_mean_per_env_step": 0.013440501600853789,
  "reward_part_track_progress_mean_per_episode": 1.802,
  "reward_part_track_progress_mean_per_env_step": 0.01201974386339381,
  "reward_part_complete_mean_per_episode": 6.48,
  "reward_part_complete_mean_per_env_step": 0.0432230522945571,
  "reward_part_idle_stay_mean_per_episode": -5.029699999999997,
  "reward_part_idle_stay_mean_per_env_step": -0.03354922625400212,
  "reward_part_all_targets_mean_per_episode": 0.016666666666666666,
  "reward_part_all_targets_mean_per_env_step": 0.0001111704019921736,
  "algo": "shared_bdqn",
  "seed": 44,
  "n_agents": 3,
  "reward_version": "multi_local_v1_from_single_D"
}