{
  "episodes": 300,
  "reward_mean": 3.7610166666666616,
  "reward_std": 8.257787034655355,
  "detected_mean": 2.3266666666666667,
  "completed_mean": 0.8633333333333333,
  "detected_value_mean": 2.8733333333333335,
  "completed_value_mean": 1.0433333333333332,
  "detected_to_completed_ratio": 0.37106017191977075,
  "team_coverage_ratio_mean": 0.574991666128238,
  "mean_local_coverage_ratio_mean": 0.2556472237656514,
  "coverage_overlap_ratio_mean": 0.31349478066800895,
  "knowledge_overlap_ratio_mean": 0.09777777777777777,
  "episode_length_mean": 149.93666666666667,
  "first_detection_step_mean": 20.29787234042553,
  "first_completion_step_mean": 59.87078651685393,
  "stay_ratio": 0.3263155554567484,
  "boundary_hit_ratio": 0.0,
  "collision_agent_ratio": 0.1368726054704579,
  "local_sensor_revisit_ratio": 0.8076298881750072,
  "local_new_observed_cells_per_decision": 0.6753444046745662,
  "team_new_observed_cells_per_env_step": 1.513950334585714,
  "tracking_progress_ratio": 0.007721778825133575,
  "action_counts": {
    "right": 27641,
    "up": 15732,
    "left": 28861,
    "stay": 44034,
    "down": 18675
  },
  "eval_seed_base": 100000,
  "reward_part_step_mean_per_episode": -2.2490499999999964,
  "reward_part_step_mean_per_env_step": -0.014999999999999975,
  "reward_part_boundary_mean_per_episode": 0.0,
  "reward_part_boundary_mean_per_env_step": 0.0,
  "reward_part_collision_mean_per_episode": -1.231333333333334,
  "reward_part_collision_mean_per_env_step": -0.008212356328227479,
  "reward_part_new_cell_mean_per_episode": 0.005833333333333333,
  "reward_part_new_cell_mean_per_env_step": 3.890531557768835e-05,
  "reward_part_revisit_mean_per_episode": 0.0,
  "reward_part_revisit_mean_per_env_step": 0.0,
  "reward_part_new_observed_mean_per_episode": 3.3613999999999993,
  "reward_part_new_observed_mean_per_env_step": 0.022418799048487134,
  "reward_part_detect_mean_per_episode": 1.888,
  "reward_part_detect_mean_per_env_step": 0.012591983281830105,
  "reward_part_track_progress_mean_per_episode": 1.4599999999999997,
  "reward_part_track_progress_mean_per_env_step": 0.009737444698872857,
  "reward_part_complete_mean_per_episode": 4.8933333333333335,
  "reward_part_complete_mean_per_env_step": 0.03263600186745515,
  "reward_part_idle_stay_mean_per_episode": -4.400499999999997,
  "reward_part_idle_stay_mean_per_env_step": -0.029349058491363003,
  "reward_part_all_targets_mean_per_episode": 0.03333333333333333,
  "reward_part_all_targets_mean_per_env_step": 0.00022231608901536205,
  "algo": "shared_ddqn",
  "seed": 44,
  "n_agents": 3,
  "reward_version": "multi_local_v1_from_single_D"
}