{
  "episodes": 300,
  "reward_mean": 3.54926333333333,
  "reward_std": 8.244253900383518,
  "detected_mean": 2.34,
  "completed_mean": 0.8233333333333334,
  "detected_value_mean": 2.9,
  "completed_value_mean": 1.0133333333333334,
  "detected_to_completed_ratio": 0.35185185185185186,
  "team_coverage_ratio_mean": 0.5906250000496706,
  "mean_local_coverage_ratio_mean": 0.26310555612047515,
  "coverage_overlap_ratio_mean": 0.3081890570956983,
  "knowledge_overlap_ratio_mean": 0.07916666666666666,
  "episode_length_mean": 149.92333333333335,
  "first_detection_step_mean": 29.477192982456142,
  "first_completion_step_mean": 73.86666666666666,
  "stay_ratio": 0.371315709510787,
  "boundary_hit_ratio": 0.0,
  "collision_agent_ratio": 0.09730899496779835,
  "local_sensor_revisit_ratio": 0.8052930757201829,
  "local_new_observed_cells_per_decision": 0.6953035255056288,
  "team_new_observed_cells_per_env_step": 1.5557951842052604,
  "tracking_progress_ratio": 0.007381550570291482,
  "action_counts": {
    "up": 25593,
    "right": 19987,
    "down": 20797,
    "stay": 50102,
    "left": 18452
  },
  "eval_seed_base": 100000,
  "reward_part_step_mean_per_episode": -2.248849999999997,
  "reward_part_step_mean_per_env_step": -0.014999999999999979,
  "reward_part_boundary_mean_per_episode": 0.0,
  "reward_part_boundary_mean_per_env_step": 0.0,
  "reward_part_collision_mean_per_episode": -0.8753333333333337,
  "reward_part_collision_mean_per_env_step": -0.005838539698067904,
  "reward_part_new_cell_mean_per_episode": 0.005679999999999999,
  "reward_part_new_cell_mean_per_env_step": 3.788603063788158e-05,
  "reward_part_revisit_mean_per_episode": 0.0,
  "reward_part_revisit_mean_per_env_step": 0.0,
  "reward_part_new_observed_mean_per_episode": 3.4566,
  "reward_part_new_observed_mean_per_env_step": 0.023055784067412235,
  "reward_part_detect_mean_per_episode": 1.908,
  "reward_part_detect_mean_per_env_step": 0.012726504657936278,
  "reward_part_track_progress_mean_per_episode": 1.462,
  "reward_part_track_progress_mean_per_env_step": 0.00975165084376459,
  "reward_part_complete_mean_per_episode": 4.8133333333333335,
  "reward_part_complete_mean_per_env_step": 0.03210529826355693,
  "reward_part_idle_stay_mean_per_episode": -5.005499999999997,
  "reward_part_idle_stay_mean_per_env_step": -0.03338706449963313,
  "reward_part_all_targets_mean_per_episode": 0.03333333333333333,
  "reward_part_all_targets_mean_per_env_step": 0.00022233586055094825,
  "algo": "shared_ddqn",
  "seed": 42,
  "n_agents": 3,
  "reward_version": "multi_local_v1_from_single_D"
}