{
  "reward_version": "v3_frontier",
  "ablation": "v3",
  "episodes": 300,
  "reward_mean": -0.6124433333333325,
  "reward_std": 6.641289517866411,
  "detected_mean": 1.1833333333333333,
  "completed_mean": 0.25666666666666665,
  "detected_value_mean": 1.4866666666666666,
  "completed_value_mean": 0.32,
  "sensor_coverage_ratio_mean": 0.29906666568790874,
  "episode_length_mean": 150.0,
  "detected_to_completed_ratio": 0.21690140845070421,
  "first_detection_step_mean": 35.732142857142854,
  "first_completion_step_mean": 56.614285714285714,
  "stay_ratio": 0.2871111111111111,
  "boundary_hit_ratio": 0.10622222222222222,
  "revisit_ratio": 0.9934222222222222,
  "sensor_revisit_ratio": 0.8050222222222222,
  "new_observed_cells_per_step": 0.7908444444444445,
  "tracking_progress_ratio": 0.007666666666666666,
  "action_counts": {
    "left": 6594,
    "stay": 12920,
    "down": 8263,
    "right": 7819,
    "up": 9404
  },
  "reward_part_step_mean_per_episode": -0.7499999999995596,
  "reward_part_step_mean_per_step": -0.004999999999997064,
  "reward_part_boundary_mean_per_episode": -3.1866666666669348,
  "reward_part_boundary_mean_per_step": -0.02124444444444623,
  "reward_part_new_cell_mean_per_episode": 0.0019733333333333348,
  "reward_part_new_cell_mean_per_step": 1.3155555555555564e-05,
  "reward_part_revisit_mean_per_episode": 0.0,
  "reward_part_revisit_mean_per_step": 0.0,
  "reward_part_new_observed_mean_per_episode": 1.7558499999998771,
  "reward_part_new_observed_mean_per_step": 0.011705666666665848,
  "reward_part_detect_mean_per_episode": 0.9829999999999999,
  "reward_part_detect_mean_per_step": 0.006553333333333333,
  "reward_part_track_progress_mean_per_episode": 0.34066666666666784,
  "reward_part_track_progress_mean_per_step": 0.002271111111111119,
  "reward_part_complete_mean_per_episode": 1.5333333333333334,
  "reward_part_complete_mean_per_step": 0.010222222222222223,
  "reward_part_idle_stay_mean_per_episode": -1.290599999999632,
  "reward_part_idle_stay_mean_per_step": -0.008603999999997548,
  "reward_part_all_targets_mean_per_episode": 0.0,
  "reward_part_all_targets_mean_per_step": 0.0,
  "algo": "ddqn",
  "seed": 42,
  "checkpoint": "runs/single_suite/screen/v3/ddqn_seed42_train400/best.pt",
  "evaluation_mode": "posterior_mean",
  "eval_seed_base": 200000
}