{
  "reward_version": "v3_frontier",
  "ablation": "v3",
  "episodes": 300,
  "reward_mean": -4.348819999999999,
  "reward_std": 8.283011344569474,
  "detected_mean": 1.1733333333333333,
  "completed_mean": 0.25666666666666665,
  "detected_value_mean": 1.4666666666666666,
  "completed_value_mean": 0.31666666666666665,
  "sensor_coverage_ratio_mean": 0.27486666560173034,
  "episode_length_mean": 150.0,
  "detected_to_completed_ratio": 0.21875,
  "first_detection_step_mean": 28.377450980392158,
  "first_completion_step_mean": 46.88732394366197,
  "stay_ratio": 0.3206,
  "boundary_hit_ratio": 0.22015555555555555,
  "revisit_ratio": 0.9934,
  "sensor_revisit_ratio": 0.8194,
  "new_observed_cells_per_step": 0.7263111111111111,
  "tracking_progress_ratio": 0.008088888888888889,
  "action_counts": {
    "left": 7695,
    "down": 8504,
    "right": 5075,
    "stay": 14427,
    "up": 9299
  },
  "reward_part_step_mean_per_episode": -0.7499999999995596,
  "reward_part_step_mean_per_step": -0.004999999999997064,
  "reward_part_boundary_mean_per_episode": -6.604666666667711,
  "reward_part_boundary_mean_per_step": -0.04403111111111808,
  "reward_part_new_cell_mean_per_episode": 0.0019800000000000013,
  "reward_part_new_cell_mean_per_step": 1.3200000000000009e-05,
  "reward_part_revisit_mean_per_episode": 0.0,
  "reward_part_revisit_mean_per_step": 0.0,
  "reward_part_new_observed_mean_per_episode": 1.6106999999999039,
  "reward_part_new_observed_mean_per_step": 0.01073799999999936,
  "reward_part_detect_mean_per_episode": 0.9679999999999993,
  "reward_part_detect_mean_per_step": 0.006453333333333329,
  "reward_part_track_progress_mean_per_episode": 0.360000000000001,
  "reward_part_track_progress_mean_per_step": 0.0024000000000000067,
  "reward_part_complete_mean_per_episode": 1.5066666666666666,
  "reward_part_complete_mean_per_step": 0.010044444444444444,
  "reward_part_idle_stay_mean_per_episode": -1.4414999999994949,
  "reward_part_idle_stay_mean_per_step": -0.009609999999996632,
  "reward_part_all_targets_mean_per_episode": 0.0,
  "reward_part_all_targets_mean_per_step": 0.0,
  "algo": "ddqn",
  "seed": 43,
  "checkpoint": "runs/single_suite/screen/v3/ddqn_seed43_train400/best.pt",
  "evaluation_mode": "posterior_mean",
  "eval_seed_base": 200000
}