{
  "reward_version": "v3_frontier",
  "reward_mean": -2.6264749999999997,
  "reward_std": 7.403309551097732,
  "detected_mean": 1.089,
  "completed_mean": 0.276,
  "detected_value_mean": 1.371,
  "completed_value_mean": 0.336,
  "sensor_coverage_ratio_mean": 0.26696249992214144,
  "stay_ratio": 0.52886,
  "boundary_hit_ratio": 0.13008666666666666,
  "revisit_ratio": 0.9941,
  "sensor_revisit_ratio": 0.8342066666666667,
  "new_observed_cells_per_step": 0.7052333333333334,
  "tracking_progress_ratio": 0.007873333333333333,
  "action_counts": {
    "up": 15827,
    "down": 19979,
    "right": 20014,
    "stay": 79329,
    "left": 14851
  }
}