{
  "reward_version": "v3_frontier",
  "setting": "qmix_ddqn_3uav",
  "algo": "qmix_ddqn",
  "n_agents": 3,
  "episodes": 1000,
  "reward_mean": -10.000809000000006,
  "reward_std": 18.07971676134665,
  "detected_mean": 1.931,
  "completed_mean": 0.794,
  "detected_value_mean": 2.416,
  "completed_value_mean": 0.98,
  "sensor_coverage_ratio_mean": 0.49482249984145166,
  "stay_ratio": 0.2563560452459716,
  "boundary_hit_ratio": 0.14714500409063422,
  "collision_ratio": 0.3624613168285135,
  "revisit_ratio": 0.9942908974495784,
  "sensor_revisit_ratio": 0.8703113328353431,
  "new_observed_cells_per_step": 0.4333604560167894,
  "tracking_progress_ratio": 0.006709529399210329,
  "action_counts": {
    "left": 77280,
    "up": 95750,
    "stay": 115311,
    "down": 115841,
    "right": 45626
  }
}