{
  "reward_version": "v3_frontier",
  "setting": "qmix_ddqn_3uav",
  "algo": "qmix_ddqn",
  "n_agents": 3,
  "episodes": 20,
  "reward_mean": -26.677300000000002,
  "reward_std": 24.15878059236434,
  "detected_mean": 2.0,
  "completed_mean": 0.65,
  "detected_value_mean": 2.4,
  "completed_value_mean": 0.8,
  "sensor_coverage_ratio_mean": 0.5072499997913837,
  "stay_ratio": 0.0758888888888889,
  "boundary_hit_ratio": 0.3546666666666667,
  "collision_ratio": 0.179,
  "revisit_ratio": 0.9936666666666667,
  "sensor_revisit_ratio": 0.8704444444444445,
  "new_observed_cells_per_step": 0.44422222222222224,
  "tracking_progress_ratio": 0.005666666666666667,
  "action_counts": {
    "down": 2137,
    "left": 1706,
    "up": 653,
    "stay": 683,
    "right": 3821
  }
}