reward_version,setting,algo,seed,n_agents,episodes,reward_mean,reward_std,detected_mean,completed_mean,detected_value_mean,completed_value_mean,sensor_coverage_ratio_mean,stay_ratio,boundary_hit_ratio,collision_ratio,revisit_ratio,sensor_revisit_ratio,new_observed_cells_per_step,tracking_progress_ratio
v3_frontier,shared_ddqn_3uav,ddqn,0,3,1000,-33.93674700000002,27.483454832735113,2.066,0.911,2.597,1.158,0.5228949998542667,0.2815584715930949,0.42447025441575104,0.38830812747249815,0.9937980462400239,0.8738706284453754,0.45843757018614756,0.0077029644405010485
v3_frontier,shared_ddqn_3uav,ddqn,42,3,1000,4.7628359999999885,14.440941643781537,2.707,1.305,3.369,1.605,0.681084999486804,0.03319337204033207,0.08350577368236599,0.13102787841448632,0.9935644592069753,0.8072574506508089,0.6014406861005266,0.0107013467089006
v3_frontier,shared_bdqn_3uav,bdqn,42,3,1000,0.54306699999999,11.197619123122148,1.853,0.745,2.319,0.928,0.467130000539124,0.20678328707657273,0.042055846142897806,0.0503909585824082,0.9937709044975804,0.8879029675491034,0.4088652860802733,0.006180170082550527
