{
  "reward_version": "v3_frontier",
  "setting": "shared_bdqn_3uav",
  "algo": "bdqn",
  "n_agents": 3,
  "episodes": 1000,
  "reward_mean": 0.54306699999999,
  "reward_std": 11.197619123122148,
  "detected_mean": 1.853,
  "completed_mean": 0.745,
  "detected_value_mean": 2.319,
  "completed_value_mean": 0.928,
  "sensor_coverage_ratio_mean": 0.467130000539124,
  "stay_ratio": 0.20678328707657273,
  "boundary_hit_ratio": 0.042055846142897806,
  "collision_ratio": 0.0503909585824082,
  "revisit_ratio": 0.9937709044975804,
  "sensor_revisit_ratio": 0.8879029675491034,
  "new_observed_cells_per_step": 0.4088652860802733,
  "tracking_progress_ratio": 0.006180170082550527,
  "action_counts": {
    "down": 74804,
    "left": 105134,
    "right": 122453,
    "stay": 92983,
    "up": 54290
  }
}