{
  "reward_version": "v3_frontier",
  "setting": "shared_ddqn_3uav",
  "algo": "ddqn",
  "n_agents": 3,
  "episodes": 1000,
  "reward_mean": 4.7628359999999885,
  "reward_std": 14.440941643781537,
  "detected_mean": 2.707,
  "completed_mean": 1.305,
  "detected_value_mean": 3.369,
  "completed_value_mean": 1.605,
  "sensor_coverage_ratio_mean": 0.681084999486804,
  "stay_ratio": 0.03319337204033207,
  "boundary_hit_ratio": 0.08350577368236599,
  "collision_ratio": 0.13102787841448632,
  "revisit_ratio": 0.9935644592069753,
  "sensor_revisit_ratio": 0.8072574506508089,
  "new_observed_cells_per_step": 0.6014406861005266,
  "tracking_progress_ratio": 0.0107013467089006,
  "action_counts": {
    "left": 125737,
    "down": 86194,
    "up": 91505,
    "right": 129675,
    "stay": 14870
  }
}