action_0,action_1,action_2,action_3,action_4,boundary_hits,completed,completed_value,decisions,detected,detected_value,episode,episode_length,first_completion_step,first_detection_step,had_completion,had_detection,new_observed_cells,position_revisit_steps,reward,reward_part_complete,reward_part_potential,reward_part_step,sensor_coverage_ratio,sensor_revisit_steps,tracking_progress_steps,world_seed
0,0,0,0,0,0,4.0,5.0,50,4.0,5.0,0,50.0,11.0,7.0,1.0,1.0,164,49,20.386500003505486,24.0,-3.3634999964945056,-0.2500000000000001,0.4124999940395355,13,12,200000
0,0,0,0,0,0,4.0,5.0,56,4.0,5.0,1,56.0,14.0,3.0,1.0,1.0,143,55,19.883000000808366,24.0,-3.836999999191619,-0.28000000000000014,0.36000001430511475,18,12,200001
0,0,0,0,0,0,4.0,5.0,35,4.0,5.0,2,35.0,4.0,1.0,1.0,1.0,104,34,21.49962500339373,24.0,-2.325374996606266,-0.17500000000000007,0.26249998807907104,12,12,200002
0,0,0,0,0,0,4.0,5.0,48,4.0,5.0,3,48.0,12.0,8.0,1.0,1.0,123,47,21.014875000007443,24.0,-2.7451249999925533,-0.24000000000000013,0.3100000023841858,12,12,200003
