{
  "reward_version": "v3_frontier",
  "ablation": "A",
  "episodes": 300,
  "reward_mean": 2.475496666666668,
  "reward_std": 5.373113367808485,
  "detected_mean": 1.1066666666666667,
  "completed_mean": 0.29333333333333333,
  "detected_value_mean": 1.3833333333333333,
  "completed_value_mean": 0.37333333333333335,
  "sensor_coverage_ratio_mean": 0.27024999994784593,
  "episode_length_mean": 150.0,
  "detected_to_completed_ratio": 0.26506024096385544,
  "first_detection_step_mean": 54.63861386138614,
  "first_completion_step_mean": 80.75324675324676,
  "stay_ratio": 0.32664444444444446,
  "boundary_hit_ratio": 0.0,
  "revisit_ratio": 0.9948444444444444,
  "sensor_revisit_ratio": 0.8012888888888889,
  "new_observed_cells_per_step": 0.714,
  "tracking_progress_ratio": 0.008311111111111111,
  "action_counts": {
    "down": 10881,
    "up": 12217,
    "right": 3508,
    "left": 3695,
    "stay": 14699
  },
  "reward_part_step_mean_per_episode": -0.7499999999995596,
  "reward_part_step_mean_per_step": -0.004999999999997064,
  "reward_part_boundary_mean_per_episode": 0.0,
  "reward_part_boundary_mean_per_step": 0.0,
  "reward_part_new_cell_mean_per_episode": 0.0015466666666666678,
  "reward_part_new_cell_mean_per_step": 1.031111111111112e-05,
  "reward_part_revisit_mean_per_episode": 0.0,
  "reward_part_revisit_mean_per_step": 0.0,
  "reward_part_new_observed_mean_per_episode": 1.5855499999999012,
  "reward_part_new_observed_mean_per_step": 0.010570333333332675,
  "reward_part_detect_mean_per_episode": 0.912999999999998,
  "reward_part_detect_mean_per_step": 0.006086666666666653,
  "reward_part_track_progress_mean_per_episode": 0.378666666666668,
  "reward_part_track_progress_mean_per_step": 0.0025244444444444533,
  "reward_part_complete_mean_per_episode": 1.8133333333333332,
  "reward_part_complete_mean_per_step": 0.012088888888888889,
  "reward_part_idle_stay_mean_per_episode": -1.4665999999994719,
  "reward_part_idle_stay_mean_per_step": -0.009777333333329813,
  "reward_part_all_targets_mean_per_episode": 0.0,
  "reward_part_all_targets_mean_per_step": 0.0,
  "algo": "ddqn",
  "seed": 42,
  "checkpoint": "runs/single_suite/screen/A/ddqn_seed42_train400/best.pt",
  "evaluation_mode": "posterior_mean",
  "eval_seed_base": 200000
}