{
  "reward_version": "v3_frontier",
  "ablation": "A",
  "episodes": 300,
  "reward_mean": 6.179600000000003,
  "reward_std": 6.519178864959406,
  "detected_mean": 1.56,
  "completed_mean": 0.5266666666666666,
  "detected_value_mean": 1.9466666666666668,
  "completed_value_mean": 0.6466666666666666,
  "sensor_coverage_ratio_mean": 0.36715833148608606,
  "episode_length_mean": 150.0,
  "detected_to_completed_ratio": 0.33760683760683763,
  "first_detection_step_mean": 42.78813559322034,
  "first_completion_step_mean": 58.225,
  "stay_ratio": 0.05313333333333333,
  "boundary_hit_ratio": 0.0,
  "revisit_ratio": 0.9933333333333333,
  "sensor_revisit_ratio": 0.73,
  "new_observed_cells_per_step": 0.9724222222222222,
  "tracking_progress_ratio": 0.014577777777777778,
  "action_counts": {
    "left": 14888,
    "right": 14811,
    "down": 5825,
    "up": 7085,
    "stay": 2391
  },
  "reward_part_step_mean_per_episode": -0.7499999999995596,
  "reward_part_step_mean_per_step": -0.004999999999997064,
  "reward_part_boundary_mean_per_episode": 0.0,
  "reward_part_boundary_mean_per_step": 0.0,
  "reward_part_new_cell_mean_per_episode": 0.0020000000000000013,
  "reward_part_new_cell_mean_per_step": 1.3333333333333343e-05,
  "reward_part_revisit_mean_per_episode": 0.0,
  "reward_part_revisit_mean_per_step": 0.0,
  "reward_part_new_observed_mean_per_episode": 2.166299999999801,
  "reward_part_new_observed_mean_per_step": 0.014441999999998676,
  "reward_part_detect_mean_per_episode": 1.2840000000000062,
  "reward_part_detect_mean_per_step": 0.008560000000000042,
  "reward_part_track_progress_mean_per_episode": 0.6493333333333269,
  "reward_part_track_progress_mean_per_step": 0.004328888888888846,
  "reward_part_complete_mean_per_episode": 3.066666666666667,
  "reward_part_complete_mean_per_step": 0.020444444444444446,
  "reward_part_idle_stay_mean_per_episode": -0.2387000000000065,
  "reward_part_idle_stay_mean_per_step": -0.0015913333333333766,
  "reward_part_all_targets_mean_per_episode": 0.0,
  "reward_part_all_targets_mean_per_step": 0.0,
  "algo": "ddqn",
  "seed": 44,
  "checkpoint": "runs/single_suite/screen/A/ddqn_seed44_train400/best.pt",
  "evaluation_mode": "posterior_mean",
  "eval_seed_base": 200000
}