{
  "reward_version": "v3_frontier",
  "ablation": "A",
  "episodes": 300,
  "reward_mean": 4.032383333333336,
  "reward_std": 5.840627087027751,
  "detected_mean": 1.2066666666666668,
  "completed_mean": 0.37,
  "detected_value_mean": 1.53,
  "completed_value_mean": 0.46,
  "sensor_coverage_ratio_mean": 0.3164083320150773,
  "episode_length_mean": 150.0,
  "detected_to_completed_ratio": 0.30662983425414364,
  "first_detection_step_mean": 32.74761904761905,
  "first_completion_step_mean": 51.177083333333336,
  "stay_ratio": 0.17293333333333333,
  "boundary_hit_ratio": 0.0,
  "revisit_ratio": 0.9933333333333333,
  "sensor_revisit_ratio": 0.7743111111111111,
  "new_observed_cells_per_step": 0.8370888888888889,
  "tracking_progress_ratio": 0.010755555555555556,
  "action_counts": {
    "left": 7615,
    "up": 10500,
    "down": 10911,
    "right": 8192,
    "stay": 7782
  },
  "reward_part_step_mean_per_episode": -0.7499999999995596,
  "reward_part_step_mean_per_step": -0.004999999999997064,
  "reward_part_boundary_mean_per_episode": 0.0,
  "reward_part_boundary_mean_per_step": 0.0,
  "reward_part_new_cell_mean_per_episode": 0.0020000000000000013,
  "reward_part_new_cell_mean_per_step": 1.3333333333333343e-05,
  "reward_part_revisit_mean_per_episode": 0.0,
  "reward_part_revisit_mean_per_step": 0.0,
  "reward_part_new_observed_mean_per_episode": 1.8613499999998653,
  "reward_part_new_observed_mean_per_step": 0.012408999999999103,
  "reward_part_detect_mean_per_episode": 1.0150000000000001,
  "reward_part_detect_mean_per_step": 0.006766666666666668,
  "reward_part_track_progress_mean_per_episode": 0.48133333333333317,
  "reward_part_track_progress_mean_per_step": 0.003208888888888888,
  "reward_part_complete_mean_per_episode": 2.2,
  "reward_part_complete_mean_per_step": 0.014666666666666666,
  "reward_part_idle_stay_mean_per_episode": -0.7773000000000269,
  "reward_part_idle_stay_mean_per_step": -0.0051820000000001795,
  "reward_part_all_targets_mean_per_episode": 0.0,
  "reward_part_all_targets_mean_per_step": 0.0,
  "algo": "ddqn",
  "seed": 43,
  "checkpoint": "runs/single_suite/screen/A/ddqn_seed43_train400/best.pt",
  "evaluation_mode": "posterior_mean",
  "eval_seed_base": 200000
}