{
  "schema_version": 1,
  "scope": "multi",
  "algo": "baseline_local_frontier",
  "baseline": "local_frontier",
  "is_baseline": true,
  "training_seed": 999,
  "detection_probability": 0.7,
  "reward_mode": "task_potential",
  "global_state_mode": "memory_union",
  "policy_mode": "deterministic",
  "eval_seed_base": 200000,
  "episodes": 300,
  "episode_csv": "logs/thesis_v2/screen/baselines/pdet_0p70/multi/baseline_local_frontier/final_test_deterministic_episodes.csv",
  "summary": {
    "episodes": 300,
    "action_0_mean": 0.0,
    "action_0_std": 0.0,
    "action_0_ci95_low": 0.0,
    "action_0_ci95_high": 0.0,
    "action_1_mean": 0.0,
    "action_1_std": 0.0,
    "action_1_ci95_low": 0.0,
    "action_1_ci95_high": 0.0,
    "action_2_mean": 0.0,
    "action_2_std": 0.0,
    "action_2_ci95_low": 0.0,
    "action_2_ci95_high": 0.0,
    "action_3_mean": 0.0,
    "action_3_std": 0.0,
    "action_3_ci95_low": 0.0,
    "action_3_ci95_high": 0.0,
    "action_4_mean": 0.0,
    "action_4_std": 0.0,
    "action_4_ci95_low": 0.0,
    "action_4_ci95_high": 0.0,
    "boundary_hits_mean": 0.0,
    "boundary_hits_std": 0.0,
    "boundary_hits_ci95_low": 0.0,
    "boundary_hits_ci95_high": 0.0,
    "collision_agents_mean": 97.77,
    "collision_agents_std": 128.5399435973114,
    "collision_agents_ci95_low": 83.200032527661,
    "collision_agents_ci95_high": 112.339967472339,
    "completed_mean": 3.6533333333333333,
    "completed_std": 0.7022503510540635,
    "completed_ci95_low": 3.5737334479906857,
    "completed_ci95_high": 3.732933218675981,
    "completed_value_mean": 4.573333333333333,
    "completed_value_std": 0.8857890393441444,
    "completed_value_ci95_low": 4.472929387840482,
    "completed_value_ci95_high": 4.673737278826184,
    "coverage_overlap_ratio_mean": 0.5172793193831514,
    "coverage_overlap_ratio_std": 0.25762709716646703,
    "coverage_overlap_ratio_ci95_low": 0.4880773583377363,
    "coverage_overlap_ratio_ci95_high": 0.5464812804285666,
    "decisions_mean": 256.2,
    "decisions_std": 133.10131479440764,
    "decisions_ci95_low": 241.11300234925076,
    "decisions_ci95_high": 271.2869976507492,
    "detected_mean": 3.6566666666666667,
    "detected_std": 0.70151423522422,
    "detected_ci95_low": 3.5771502198521263,
    "detected_ci95_high": 3.736183113481207,
    "detected_value_mean": 4.576666666666667,
    "detected_value_std": 0.8855067601222604,
    "detected_value_ci95_low": 4.47629471744646,
    "detected_value_ci95_high": 4.677038615886874,
    "env_steps_mean": 85.4,
    "env_steps_std": 44.367104931469214,
    "env_steps_ci95_low": 80.3710007830836,
    "env_steps_ci95_high": 90.42899921691641,
    "episode_length_mean": 85.4,
    "episode_length_std": 44.367104931469214,
    "episode_length_ci95_low": 80.3710007830836,
    "episode_length_ci95_high": 90.42899921691641,
    "first_completion_step_mean": 11.846153846153847,
    "first_completion_step_std": 10.172249462146711,
    "first_completion_step_ci95_low": 10.691199170155453,
    "first_completion_step_ci95_high": 13.00110852215224,
    "first_detection_step_mean": 8.033444816053512,
    "first_detection_step_std": 10.131520659590903,
    "first_detection_step_ci95_low": 6.883114478175678,
    "first_detection_step_ci95_high": 9.183775153931347,
    "had_completion_mean": 0.9966666666666667,
    "had_completion_std": 0.05763872155263527,
    "had_completion_ci95_low": 0.9901333333333334,
    "had_completion_ci95_high": 1.0032,
    "had_detection_mean": 0.9966666666666667,
    "had_detection_std": 0.05763872155263527,
    "had_detection_ci95_low": 0.9901333333333334,
    "had_detection_ci95_high": 1.0032,
    "knowledge_overlap_ratio_mean": 0.14527777777777776,
    "knowledge_overlap_ratio_std": 0.2240843852846402,
    "knowledge_overlap_ratio_ci95_low": 0.11987787395578339,
    "knowledge_overlap_ratio_ci95_high": 0.17067768159977212,
    "local_new_observed_cells_mean": 572.22,
    "local_new_observed_cells_std": 226.51289499717228,
    "local_new_observed_cells_ci95_low": 546.544825265886,
    "local_new_observed_cells_ci95_high": 597.8951747341141,
    "local_sensor_revisit_steps_mean": 121.49,
    "local_sensor_revisit_steps_std": 133.7169270012838,
    "local_sensor_revisit_steps_ci95_low": 106.33322287386949,
    "local_sensor_revisit_steps_ci95_high": 136.6467771261305,
    "mean_local_coverage_ratio_mean": 0.47935000047087667,
    "mean_local_coverage_ratio_std": 0.1887607461558849,
    "mean_local_coverage_ratio_ci95_low": 0.45795402148895337,
    "mean_local_coverage_ratio_ci95_high": 0.5007459794528,
    "reward_mean": 11.531081391164735,
    "reward_std": 10.519692999807695,
    "reward_ci95_low": 10.338677065032789,
    "reward_ci95_high": 12.72348571729668,
    "reward_part_boundary_mean": 0.0,
    "reward_part_boundary_std": 0.0,
    "reward_part_boundary_ci95_low": 0.0,
    "reward_part_boundary_ci95_high": 0.0,
    "reward_part_collision_mean": -1.955399999999998,
    "reward_part_collision_std": 2.570798871946224,
    "reward_part_collision_ci95_low": -2.2467993494467775,
    "reward_part_collision_ci95_high": -1.6640006505532183,
    "reward_part_complete_mean": 21.973333333333333,
    "reward_part_complete_std": 4.424095638909971,
    "reward_part_complete_ci95_low": 21.471863301921374,
    "reward_part_complete_ci95_high": 22.47480336474529,
    "reward_part_potential_mean": -7.2058519421685965,
    "reward_part_potential_std": 4.520141069318685,
    "reward_part_potential_ci95_low": -7.718208696864842,
    "reward_part_potential_ci95_high": -6.693495187472351,
    "reward_part_step_mean": -1.2809999999999988,
    "reward_part_step_std": 0.6655065739720366,
    "reward_part_step_ci95_low": -1.3564349882537448,
    "reward_part_step_ci95_high": -1.2055650117462529,
    "simultaneous_overlap_sum_mean": 15.998671291502506,
    "simultaneous_overlap_sum_std": 20.395453795770397,
    "simultaneous_overlap_sum_ci95_low": 13.686852178535482,
    "simultaneous_overlap_sum_ci95_high": 18.31049040446953,
    "team_coverage_ratio_mean": 0.8228500017523765,
    "team_coverage_ratio_std": 0.1570489666612218,
    "team_coverage_ratio_ci95_low": 0.8050485443082462,
    "team_coverage_ratio_ci95_high": 0.8406514591965069,
    "team_new_observed_cells_mean": 326.14,
    "team_new_observed_cells_std": 62.81958611770695,
    "team_new_observed_cells_ci95_low": 319.0194170843254,
    "team_new_observed_cells_ci95_high": 333.26058291567455,
    "tracking_progress_steps_mean": 10.966666666666667,
    "tracking_progress_steps_std": 2.106867079074731,
    "tracking_progress_steps_ci95_low": 10.727853859133251,
    "tracking_progress_steps_ci95_high": 11.205479474200082,
    "detected_to_completed_ratio": 0.9990884229717412,
    "stay_ratio": 0.0,
    "boundary_hit_ratio": 0.0,
    "collision_agent_ratio": 0.381615925058548,
    "local_sensor_revisit_ratio": 0.474199843871975,
    "local_new_observed_cells_per_decision": 2.233489461358314,
    "team_new_observed_cells_per_env_step": 3.818969555035129,
    "tracking_progress_ratio": 0.042805100182149364,
    "simultaneous_sensor_overlap_ratio_mean": 0.1873380713290692,
    "eval_seed_base": 200000
  }
}