{
  "schema_version": 1,
  "scope": "single",
  "algo": "baseline_frontier",
  "baseline": "frontier",
  "is_baseline": true,
  "training_seed": 999,
  "detection_probability": 0.7,
  "reward_mode": "task_potential",
  "global_state_mode": null,
  "policy_mode": "deterministic",
  "eval_seed_base": 200000,
  "episodes": 300,
  "episode_csv": "logs/thesis_v2/screen/baselines/pdet_0p70/single/baseline_frontier/final_test_deterministic_episodes.csv",
  "summary": {
    "episodes": 300,
    "action_0_mean": 0.0,
    "action_0_std": 0.0,
    "action_0_ci95_low": 0.0,
    "action_0_ci95_high": 0.0,
    "action_1_mean": 0.0,
    "action_1_std": 0.0,
    "action_1_ci95_low": 0.0,
    "action_1_ci95_high": 0.0,
    "action_2_mean": 0.0,
    "action_2_std": 0.0,
    "action_2_ci95_low": 0.0,
    "action_2_ci95_high": 0.0,
    "action_3_mean": 0.0,
    "action_3_std": 0.0,
    "action_3_ci95_low": 0.0,
    "action_3_ci95_high": 0.0,
    "action_4_mean": 0.0,
    "action_4_std": 0.0,
    "action_4_ci95_low": 0.0,
    "action_4_ci95_high": 0.0,
    "boundary_hits_mean": 0.0,
    "boundary_hits_std": 0.0,
    "boundary_hits_ci95_low": 0.0,
    "boundary_hits_ci95_high": 0.0,
    "completed_mean": 3.6333333333333333,
    "completed_std": 0.5763872155263529,
    "completed_ci95_low": 3.568,
    "completed_ci95_high": 3.6986666666666665,
    "completed_value_mean": 4.536666666666667,
    "completed_value_std": 0.7672389168672009,
    "completed_value_ci95_low": 4.449700345152725,
    "completed_value_ci95_high": 4.623632988180609,
    "decisions_mean": 118.59,
    "decisions_std": 29.719273768605674,
    "decisions_ci95_low": 115.22132844163487,
    "decisions_ci95_high": 121.95867155836514,
    "detected_mean": 3.6566666666666667,
    "detected_std": 0.5586789974772832,
    "detected_ci95_low": 3.5933405550089264,
    "detected_ci95_high": 3.719992778324407,
    "detected_value_mean": 4.566666666666666,
    "detected_value_std": 0.7431165603202651,
    "detected_value_ci95_low": 4.482434607673845,
    "detected_value_ci95_high": 4.650898725659488,
    "episode_length_mean": 118.59,
    "episode_length_std": 29.719273768605674,
    "episode_length_ci95_low": 115.22132844163487,
    "episode_length_ci95_high": 121.95867155836514,
    "first_completion_step_mean": 23.413333333333334,
    "first_completion_step_std": 16.59846847017988,
    "first_completion_step_ci95_low": 21.531901469174464,
    "first_completion_step_ci95_high": 25.294765197492204,
    "first_detection_step_mean": 19.6,
    "first_detection_step_std": 16.56663313209215,
    "first_detection_step_ci95_low": 17.72217666271168,
    "first_detection_step_ci95_high": 21.477823337288324,
    "had_completion_mean": 1.0,
    "had_completion_std": 0.0,
    "had_completion_ci95_low": 1.0,
    "had_completion_ci95_high": 1.0,
    "had_detection_mean": 1.0,
    "had_detection_std": 0.0,
    "had_detection_ci95_low": 1.0,
    "had_detection_ci95_high": 1.0,
    "new_observed_cells_mean": 338.64666666666665,
    "new_observed_cells_std": 56.219941499633585,
    "new_observed_cells_ci95_low": 332.2741516645394,
    "new_observed_cells_ci95_high": 345.0191816687939,
    "position_revisit_steps_mean": 117.59,
    "position_revisit_steps_std": 29.719273768605674,
    "position_revisit_steps_ci95_low": 114.22132844163487,
    "position_revisit_steps_ci95_high": 120.95867155836514,
    "reward_mean": 12.739844446090569,
    "reward_std": 6.140600212414937,
    "reward_ci95_low": 12.043809090451942,
    "reward_ci95_high": 13.435879801729195,
    "reward_part_complete_mean": 21.76,
    "reward_part_complete_std": 4.039273862135784,
    "reward_part_complete_ci95_low": 21.302149411800283,
    "reward_part_complete_ci95_high": 22.21785058819972,
    "reward_part_potential_mean": -8.427205553909419,
    "reward_part_potential_std": 3.1067111171959945,
    "reward_part_potential_ci95_low": -8.779350409871892,
    "reward_part_potential_ci95_high": -8.075060697946945,
    "reward_part_step_mean": -0.5929500000000003,
    "reward_part_step_std": 0.14859636884302851,
    "reward_part_step_ci95_low": -0.6097933577918261,
    "reward_part_step_ci95_high": -0.5761066422081745,
    "sensor_coverage_ratio_mean": 0.8491166689991951,
    "sensor_coverage_ratio_std": 0.14054985611004814,
    "sensor_coverage_ratio_ci95_low": 0.8331853812262623,
    "sensor_coverage_ratio_ci95_high": 0.865047956772128,
    "sensor_revisit_steps_mean": 31.13,
    "sensor_revisit_steps_std": 17.856084863896307,
    "sensor_revisit_steps_ci95_low": 29.106017661363467,
    "sensor_revisit_steps_ci95_high": 33.15398233863653,
    "tracking_progress_steps_mean": 10.93,
    "tracking_progress_steps_std": 1.6985582121316891,
    "tracking_progress_steps_ci95_low": 10.73746889092963,
    "tracking_progress_steps_ci95_high": 11.12253110907037,
    "detected_to_completed_ratio": 0.9936189608021878,
    "stay_ratio": 0.0,
    "boundary_hit_ratio": 0.0,
    "revisit_ratio": 0.9915675857998145,
    "sensor_revisit_ratio": 0.26250105405177504,
    "new_observed_cells_per_step": 2.85560896084549,
    "tracking_progress_ratio": 0.09216628720802766,
    "eval_seed_base": 200000
  }
}