{
  "reward_version": "v3_frontier",
  "ablation": "B",
  "episodes": 300,
  "reward_mean": -1.9709766666666682,
  "reward_std": 8.401943230157466,
  "detected_mean": 1.3933333333333333,
  "completed_mean": 0.4033333333333333,
  "detected_value_mean": 1.7366666666666666,
  "completed_value_mean": 0.4866666666666667,
  "sensor_coverage_ratio_mean": 0.3401916670426726,
  "episode_length_mean": 150.0,
  "detected_to_completed_ratio": 0.2894736842105263,
  "first_detection_step_mean": 29.191056910569106,
  "first_completion_step_mean": 47.717171717171716,
  "stay_ratio": 0.40526666666666666,
  "boundary_hit_ratio": 0.17715555555555557,
  "revisit_ratio": 0.9936444444444444,
  "sensor_revisit_ratio": 0.7665333333333333,
  "new_observed_cells_per_step": 0.9005111111111112,
  "tracking_progress_ratio": 0.01131111111111111,
  "action_counts": {
    "left": 6942,
    "down": 5113,
    "stay": 18237,
    "right": 8707,
    "up": 6001
  },
  "reward_part_step_mean_per_episode": -0.7499999999995596,
  "reward_part_step_mean_per_step": -0.004999999999997064,
  "reward_part_boundary_mean_per_episode": -5.314666666667418,
  "reward_part_boundary_mean_per_step": -0.03543111111111612,
  "reward_part_new_cell_mean_per_episode": 0.001906666666666668,
  "reward_part_new_cell_mean_per_step": 1.271111111111112e-05,
  "reward_part_revisit_mean_per_episode": 0.0,
  "reward_part_revisit_mean_per_step": 0.0,
  "reward_part_new_observed_mean_per_episode": 2.003449999999864,
  "reward_part_new_observed_mean_per_step": 0.013356333333332426,
  "reward_part_detect_mean_per_episode": 1.1450000000000045,
  "reward_part_detect_mean_per_step": 0.007633333333333363,
  "reward_part_track_progress_mean_per_episode": 0.4833333333333323,
  "reward_part_track_progress_mean_per_step": 0.0032222222222222153,
  "reward_part_complete_mean_per_episode": 2.28,
  "reward_part_complete_mean_per_step": 0.0152,
  "reward_part_idle_stay_mean_per_episode": -1.8199999999991507,
  "reward_part_idle_stay_mean_per_step": -0.012133333333327672,
  "reward_part_all_targets_mean_per_episode": 0.0,
  "reward_part_all_targets_mean_per_step": 0.0,
  "algo": "ddqn",
  "seed": 42,
  "checkpoint": "runs/single_suite/screen/B/ddqn_seed42_train400/best.pt",
  "evaluation_mode": "posterior_mean",
  "eval_seed_base": 200000
}