{
  "episodes": 1000,
  "reward_mean": 12.201885999999991,
  "reward_std": 9.185181019718874,
  "detected_mean": 3.037,
  "completed_mean": 1.423,
  "detected_value_mean": 3.788,
  "completed_value_mean": 1.768,
  "detected_to_completed_ratio": 0.46855449456700693,
  "team_coverage_ratio_mean": 0.752919999435544,
  "mean_local_coverage_ratio_mean": 0.380068333402276,
  "coverage_overlap_ratio_mean": 0.4353902687376798,
  "knowledge_overlap_ratio_mean": 0.0945,
  "episode_length_mean": 149.212,
  "first_detection_step_mean": 15.412714429868819,
  "first_completion_step_mean": 51.36752136752137,
  "stay_ratio": 0.1826685074480158,
  "boundary_hit_ratio": 0.0,
  "collision_agent_ratio": 0.10770134662985104,
  "local_sensor_revisit_ratio": 0.6890777328007578,
  "local_new_observed_cells_per_decision": 1.0121661349846751,
  "team_new_observed_cells_per_env_step": 1.9982843202959548,
  "tracking_progress_ratio": 0.011898060030917978,
  "action_counts": {
    "left": 106518,
    "down": 75537,
    "up": 74720,
    "stay": 81769,
    "right": 109092
  },
  "eval_seed_base": 100000,
  "reward_part_step_mean_per_episode": -2.2381799999999967,
  "reward_part_step_mean_per_env_step": -0.014999999999999977,
  "reward_part_boundary_mean_per_episode": 0.0,
  "reward_part_boundary_mean_per_env_step": 0.0,
  "reward_part_collision_mean_per_episode": -0.9642200000000005,
  "reward_part_collision_mean_per_env_step": -0.006462080797791065,
  "reward_part_new_cell_mean_per_episode": 0.005656000000000001,
  "reward_part_new_cell_mean_per_env_step": 3.790579846124977e-05,
  "reward_part_revisit_mean_per_episode": 0.0,
  "reward_part_revisit_mean_per_env_step": 0.0,
  "reward_part_new_observed_mean_per_episode": 4.431119999999999,
  "reward_part_new_observed_mean_per_env_step": 0.029696807227300746,
  "reward_part_detect_mean_per_episode": 2.4981000000000004,
  "reward_part_detect_mean_per_env_step": 0.016741951049513447,
  "reward_part_track_progress_mean_per_episode": 2.3628,
  "reward_part_track_progress_mean_per_env_step": 0.015835187518430154,
  "reward_part_complete_mean_per_episode": 8.452,
  "reward_part_complete_mean_per_env_step": 0.05664423772886899,
  "reward_part_idle_stay_mean_per_episode": -2.4453899999999984,
  "reward_part_idle_stay_mean_per_env_step": -0.016388695279200054,
  "reward_part_all_targets_mean_per_episode": 0.1,
  "reward_part_all_targets_mean_per_env_step": 0.0006701873843926761,
  "algo": "qmix_ddqn",
  "seed": 42,
  "n_agents": 3,
  "reward_version": "multi_local_v1_from_single_D"
}