{
  "episodes": 1000,
  "reward_mean": 10.156844999999992,
  "reward_std": 9.248094089106944,
  "detected_mean": 2.909,
  "completed_mean": 1.341,
  "detected_value_mean": 3.605,
  "completed_value_mean": 1.623,
  "detected_to_completed_ratio": 0.46098315572361637,
  "team_coverage_ratio_mean": 0.7241975001692772,
  "mean_local_coverage_ratio_mean": 0.3559975003451109,
  "coverage_overlap_ratio_mean": 0.40945824030120004,
  "knowledge_overlap_ratio_mean": 0.08925,
  "episode_length_mean": 149.362,
  "first_detection_step_mean": 16.566094853683147,
  "first_completion_step_mean": 52.48071979434447,
  "stay_ratio": 0.24158532067504898,
  "boundary_hit_ratio": 0.0,
  "collision_agent_ratio": 0.09102270546279062,
  "local_sensor_revisit_ratio": 0.7181813312623023,
  "local_new_observed_cells_per_decision": 0.9466865735595399,
  "team_new_observed_cells_per_env_step": 1.9193569984333365,
  "tracking_progress_ratio": 0.01107153537490571,
  "action_counts": {
    "stay": 108251,
    "left": 102023,
    "down": 70186,
    "right": 91476,
    "up": 76150
  },
  "eval_seed_base": 100000,
  "reward_part_step_mean_per_episode": -2.240429999999997,
  "reward_part_step_mean_per_env_step": -0.014999999999999977,
  "reward_part_boundary_mean_per_episode": 0.0,
  "reward_part_boundary_mean_per_env_step": 0.0,
  "reward_part_collision_mean_per_episode": -0.8157200000000003,
  "reward_part_collision_mean_per_env_step": -0.00546136232776744,
  "reward_part_new_cell_mean_per_episode": 0.0049700000000000005,
  "reward_part_new_cell_mean_per_env_step": 3.3274862414804304e-05,
  "reward_part_revisit_mean_per_episode": 0.0,
  "reward_part_revisit_mean_per_env_step": 0.0,
  "reward_part_new_observed_mean_per_episode": 4.2540749999999985,
  "reward_part_new_observed_mean_per_env_step": 0.028481641916953435,
  "reward_part_detect_mean_per_episode": 2.3718000000000004,
  "reward_part_detect_mean_per_env_step": 0.015879540980972405,
  "reward_part_track_progress_mean_per_episode": 2.1243000000000003,
  "reward_part_track_progress_mean_per_env_step": 0.014222493003575207,
  "reward_part_complete_mean_per_episode": 7.62,
  "reward_part_complete_mean_per_env_step": 0.05101699227380458,
  "reward_part_idle_stay_mean_per_episode": -3.237149999999998,
  "reward_part_idle_stay_mean_per_env_step": -0.021673183272853856,
  "reward_part_all_targets_mean_per_episode": 0.075,
  "reward_part_all_targets_mean_per_env_step": 0.0005021357507264231,
  "algo": "qmix_ddqn",
  "seed": 48,
  "n_agents": 3,
  "reward_version": "multi_local_v1_from_single_D"
}