{
  "episodes": 1000,
  "reward_mean": 8.719594999999995,
  "reward_std": 8.681926551231289,
  "detected_mean": 2.629,
  "completed_mean": 1.17,
  "detected_value_mean": 3.27,
  "completed_value_mean": 1.46,
  "detected_to_completed_ratio": 0.4450361354127044,
  "team_coverage_ratio_mean": 0.6621175001561642,
  "mean_local_coverage_ratio_mean": 0.3140216672867537,
  "coverage_overlap_ratio_mean": 0.3704162180121129,
  "knowledge_overlap_ratio_mean": 0.07966666666666666,
  "episode_length_mean": 149.937,
  "first_detection_step_mean": 21.280898876404493,
  "first_completion_step_mean": 53.78982597054886,
  "stay_ratio": 0.23732189741913826,
  "boundary_hit_ratio": 0.0,
  "collision_agent_ratio": 0.09186302691574906,
  "local_sensor_revisit_ratio": 0.7493902994813377,
  "local_new_observed_cells_per_decision": 0.8310734953124757,
  "team_new_observed_cells_per_env_step": 1.7463801463281245,
  "tracking_progress_ratio": 0.009590694758465221,
  "action_counts": {
    "right": 87355,
    "stay": 106750,
    "down": 95608,
    "left": 72294,
    "up": 87804
  },
  "eval_seed_base": 100000,
  "reward_part_step_mean_per_episode": -2.2490549999999967,
  "reward_part_step_mean_per_env_step": -0.014999999999999977,
  "reward_part_boundary_mean_per_episode": 0.0,
  "reward_part_boundary_mean_per_env_step": 0.0,
  "reward_part_collision_mean_per_episode": -0.8264200000000003,
  "reward_part_collision_mean_per_env_step": -0.005511781614944945,
  "reward_part_new_cell_mean_per_episode": 0.004430000000000001,
  "reward_part_new_cell_mean_per_env_step": 2.9545742545202324e-05,
  "reward_part_revisit_mean_per_episode": 0.0,
  "reward_part_revisit_mean_per_env_step": 0.0,
  "reward_part_new_observed_mean_per_episode": 3.888749999999999,
  "reward_part_new_observed_mean_per_env_step": 0.025935893075091532,
  "reward_part_detect_mean_per_episode": 2.1543,
  "reward_part_detect_mean_per_env_step": 0.0143680345745213,
  "reward_part_track_progress_mean_per_episode": 1.9277999999999997,
  "reward_part_track_progress_mean_per_env_step": 0.012857400108045378,
  "reward_part_complete_mean_per_episode": 7.0,
  "reward_part_complete_mean_per_env_step": 0.04668627490212556,
  "reward_part_idle_stay_mean_per_episode": -3.195209999999998,
  "reward_part_idle_stay_mean_per_env_step": -0.02131035034714579,
  "reward_part_all_targets_mean_per_episode": 0.015,
  "reward_part_all_targets_mean_per_env_step": 0.00010004201764741191,
  "algo": "qmix_ddqn",
  "seed": 45,
  "n_agents": 3,
  "reward_version": "multi_local_v1_from_single_D"
}