{
  "episodes": 1000,
  "reward_mean": 11.889856999999987,
  "reward_std": 9.20206312359086,
  "detected_mean": 3.002,
  "completed_mean": 1.438,
  "detected_value_mean": 3.749,
  "completed_value_mean": 1.784,
  "detected_to_completed_ratio": 0.47901399067288475,
  "team_coverage_ratio_mean": 0.7499500007927418,
  "mean_local_coverage_ratio_mean": 0.38901916617155075,
  "coverage_overlap_ratio_mean": 0.45834682683844824,
  "knowledge_overlap_ratio_mean": 0.10783333333333331,
  "episode_length_mean": 149.225,
  "first_detection_step_mean": 12.88888888888889,
  "first_completion_step_mean": 41.529201430274135,
  "stay_ratio": 0.18010386999497402,
  "boundary_hit_ratio": 0.0,
  "collision_agent_ratio": 0.1437270341207349,
  "local_sensor_revisit_ratio": 0.6907444016306472,
  "local_new_observed_cells_per_decision": 1.036070810297649,
  "team_new_observed_cells_per_env_step": 1.9901491037024628,
  "tracking_progress_ratio": 0.011807672977048081,
  "action_counts": {
    "up": 111622,
    "right": 78441,
    "left": 75881,
    "down": 101103,
    "stay": 80628
  },
  "eval_seed_base": 100000,
  "reward_part_step_mean_per_episode": -2.2383749999999965,
  "reward_part_step_mean_per_env_step": -0.014999999999999975,
  "reward_part_boundary_mean_per_episode": 0.0,
  "reward_part_boundary_mean_per_env_step": 0.0,
  "reward_part_collision_mean_per_episode": -1.2868600000000006,
  "reward_part_collision_mean_per_env_step": -0.008623622047244098,
  "reward_part_new_cell_mean_per_episode": 0.005682000000000002,
  "reward_part_new_cell_mean_per_env_step": 3.8076729770480834e-05,
  "reward_part_revisit_mean_per_episode": 0.0,
  "reward_part_revisit_mean_per_env_step": 0.0,
  "reward_part_new_observed_mean_per_episode": 4.410479999999999,
  "reward_part_new_observed_mean_per_env_step": 0.029555905511811014,
  "reward_part_detect_mean_per_episode": 2.4735,
  "reward_part_detect_mean_per_env_step": 0.01657564081085609,
  "reward_part_track_progress_mean_per_episode": 2.343,
  "reward_part_track_progress_mean_per_env_step": 0.01570112246607472,
  "reward_part_complete_mean_per_episode": 8.52,
  "reward_part_complete_mean_per_env_step": 0.05709499078572625,
  "reward_part_idle_stay_mean_per_episode": -2.4125699999999988,
  "reward_part_idle_stay_mean_per_env_step": -0.01616733121125816,
  "reward_part_all_targets_mean_per_episode": 0.075,
  "reward_part_all_targets_mean_per_env_step": 0.0005025967498743508,
  "algo": "qmix_ddqn",
  "seed": 46,
  "n_agents": 3,
  "reward_version": "multi_local_v1_from_single_D"
}