{
  "episodes": 1000,
  "reward_mean": 10.09939499999999,
  "reward_std": 8.96265836640976,
  "detected_mean": 2.904,
  "completed_mean": 1.266,
  "detected_value_mean": 3.628,
  "completed_value_mean": 1.596,
  "detected_to_completed_ratio": 0.4359504132231405,
  "team_coverage_ratio_mean": 0.7130949999690056,
  "mean_local_coverage_ratio_mean": 0.35330999933183194,
  "coverage_overlap_ratio_mean": 0.41542224020680785,
  "knowledge_overlap_ratio_mean": 0.09866666666666665,
  "episode_length_mean": 149.449,
  "first_detection_step_mean": 13.940222897669706,
  "first_completion_step_mean": 44.57142857142857,
  "stay_ratio": 0.19411304190727272,
  "boundary_hit_ratio": 0.0,
  "collision_agent_ratio": 0.17472181145407464,
  "local_sensor_revisit_ratio": 0.7140027701757791,
  "local_new_observed_cells_per_decision": 0.9389423816820454,
  "team_new_observed_cells_per_env_step": 1.8885238442545618,
  "tracking_progress_ratio": 0.010712684594744696,
  "action_counts": {
    "down": 58656,
    "right": 94491,
    "stay": 87030,
    "left": 126810,
    "up": 81360
  },
  "eval_seed_base": 100000,
  "reward_part_step_mean_per_episode": -2.2417349999999967,
  "reward_part_step_mean_per_env_step": -0.014999999999999977,
  "reward_part_boundary_mean_per_episode": 0.0,
  "reward_part_boundary_mean_per_env_step": 0.0,
  "reward_part_collision_mean_per_episode": -1.5667200000000008,
  "reward_part_collision_mean_per_env_step": -0.010483308687244482,
  "reward_part_new_cell_mean_per_episode": 0.005530000000000001,
  "reward_part_new_cell_mean_per_env_step": 3.7002589512141274e-05,
  "reward_part_revisit_mean_per_episode": 0.0,
  "reward_part_revisit_mean_per_env_step": 0.0,
  "reward_part_new_observed_mean_per_episode": 4.184819999999998,
  "reward_part_new_observed_mean_per_env_step": 0.02800165942896907,
  "reward_part_detect_mean_per_episode": 2.394,
  "reward_part_detect_mean_per_env_step": 0.01601884254829407,
  "reward_part_track_progress_mean_per_episode": 2.1585,
  "reward_part_track_progress_mean_per_env_step": 0.014443054152252608,
  "reward_part_complete_mean_per_episode": 7.704,
  "reward_part_complete_mean_per_env_step": 0.05154935797496136,
  "reward_part_idle_stay_mean_per_episode": -2.6039999999999988,
  "reward_part_idle_stay_mean_per_env_step": -0.017424004175337397,
  "reward_part_all_targets_mean_per_episode": 0.065,
  "reward_part_all_targets_mean_per_env_step": 0.0004349309797991288,
  "algo": "qmix_ddqn",
  "seed": 47,
  "n_agents": 3,
  "reward_version": "multi_local_v1_from_single_D"
}