{
  "episodes": 1000,
  "reward_mean": 13.404242999999983,
  "reward_std": 9.769705159622308,
  "detected_mean": 3.148,
  "completed_mean": 1.457,
  "detected_value_mean": 3.933,
  "completed_value_mean": 1.799,
  "detected_to_completed_ratio": 0.46283354510800506,
  "team_coverage_ratio_mean": 0.7862025009989738,
  "mean_local_coverage_ratio_mean": 0.41888166731595994,
  "coverage_overlap_ratio_mean": 0.48637251472481147,
  "knowledge_overlap_ratio_mean": 0.12074999999999998,
  "episode_length_mean": 148.375,
  "first_detection_step_mean": 10.706412825651302,
  "first_completion_step_mean": 37.01086956521739,
  "stay_ratio": 0.1229160348216793,
  "boundary_hit_ratio": 0.0,
  "collision_agent_ratio": 0.12438079191238416,
  "local_sensor_revisit_ratio": 0.6669025554619489,
  "local_new_observed_cells_per_decision": 1.1225116540297668,
  "team_new_observed_cells_per_env_step": 2.0992822240943556,
  "tracking_progress_ratio": 0.012261724234765516,
  "action_counts": {
    "up": 109203,
    "left": 90844,
    "right": 75428,
    "down": 114937,
    "stay": 54713
  },
  "eval_seed_base": 100000,
  "reward_part_step_mean_per_episode": -2.2256249999999964,
  "reward_part_step_mean_per_env_step": -0.014999999999999975,
  "reward_part_boundary_mean_per_episode": 0.0,
  "reward_part_boundary_mean_per_env_step": 0.0,
  "reward_part_collision_mean_per_episode": -1.1073000000000006,
  "reward_part_collision_mean_per_env_step": -0.007462847514743054,
  "reward_part_new_cell_mean_per_episode": 0.005888000000000002,
  "reward_part_new_cell_mean_per_env_step": 3.968323504633531e-05,
  "reward_part_revisit_mean_per_episode": 0.0,
  "reward_part_revisit_mean_per_env_step": 0.0,
  "reward_part_new_observed_mean_per_episode": 4.628339999999998,
  "reward_part_new_observed_mean_per_env_step": 0.03119352990732939,
  "reward_part_detect_mean_per_episode": 2.5953,
  "reward_part_detect_mean_per_env_step": 0.017491491154170175,
  "reward_part_track_progress_mean_per_episode": 2.3963999999999994,
  "reward_part_track_progress_mean_per_env_step": 0.016150968828980622,
  "reward_part_complete_mean_per_episode": 8.564,
  "reward_part_complete_mean_per_env_step": 0.05771861836562763,
  "reward_part_idle_stay_mean_per_episode": -1.6377599999999994,
  "reward_part_idle_stay_mean_per_env_step": -0.011037978096040435,
  "reward_part_all_targets_mean_per_episode": 0.185,
  "reward_part_all_targets_mean_per_env_step": 0.0012468407750631846,
  "algo": "qmix_ddqn",
  "seed": 44,
  "n_agents": 3,
  "reward_version": "multi_local_v1_from_single_D"
}