{
  "episodes": 1000,
  "reward_mean": 13.675733999999986,
  "reward_std": 9.259219133449852,
  "detected_mean": 3.052,
  "completed_mean": 1.435,
  "detected_value_mean": 3.816,
  "completed_value_mean": 1.795,
  "detected_to_completed_ratio": 0.4701834862385321,
  "team_coverage_ratio_mean": 0.7588799997270107,
  "mean_local_coverage_ratio_mean": 0.3880358337461948,
  "coverage_overlap_ratio_mean": 0.45070726806213884,
  "knowledge_overlap_ratio_mean": 0.0915,
  "episode_length_mean": 148.963,
  "first_detection_step_mean": 10.539314516129032,
  "first_completion_step_mean": 40.554611650485434,
  "stay_ratio": 0.07053429375079717,
  "boundary_hit_ratio": 0.0,
  "collision_agent_ratio": 0.1373294039459463,
  "local_sensor_revisit_ratio": 0.6917802854847624,
  "local_new_observed_cells_per_decision": 1.0352526018765287,
  "team_new_observed_cells_per_env_step": 2.0176285386303983,
  "tracking_progress_ratio": 0.011917948304836324,
  "action_counts": {
    "down": 93253,
    "right": 120310,
    "left": 129779,
    "up": 72026,
    "stay": 31521
  },
  "eval_seed_base": 100000,
  "reward_part_step_mean_per_episode": -2.234444999999996,
  "reward_part_step_mean_per_env_step": -0.014999999999999973,
  "reward_part_boundary_mean_per_episode": 0.0,
  "reward_part_boundary_mean_per_env_step": 0.0,
  "reward_part_collision_mean_per_episode": -1.2274200000000006,
  "reward_part_collision_mean_per_env_step": -0.008239764236756783,
  "reward_part_new_cell_mean_per_episode": 0.005704000000000001,
  "reward_part_new_cell_mean_per_env_step": 3.8291387794284494e-05,
  "reward_part_revisit_mean_per_episode": 0.0,
  "reward_part_revisit_mean_per_env_step": 0.0,
  "reward_part_new_observed_mean_per_episode": 4.460324999999999,
  "reward_part_new_observed_mean_per_env_step": 0.029942502500620954,
  "reward_part_detect_mean_per_episode": 2.5188,
  "reward_part_detect_mean_per_env_step": 0.01690889684015494,
  "reward_part_track_progress_mean_per_episode": 2.3754,
  "reward_part_track_progress_mean_per_env_step": 0.015946241684176608,
  "reward_part_complete_mean_per_episode": 8.62,
  "reward_part_complete_mean_per_env_step": 0.057866718581124174,
  "reward_part_idle_stay_mean_per_episode": -0.94263,
  "reward_part_idle_stay_mean_per_env_step": -0.006327947208367178,
  "reward_part_all_targets_mean_per_episode": 0.1,
  "reward_part_all_targets_mean_per_env_step": 0.0006713076401522526,
  "algo": "qmix_ddqn",
  "seed": 43,
  "n_agents": 3,
  "reward_version": "multi_local_v1_from_single_D"
}