{
  "episodes": 1000,
  "reward_mean": 8.228144999999992,
  "reward_std": 9.25515020299373,
  "detected_mean": 2.795,
  "completed_mean": 1.237,
  "detected_value_mean": 3.496,
  "completed_value_mean": 1.541,
  "detected_to_completed_ratio": 0.4425760286225403,
  "team_coverage_ratio_mean": 0.7106550002396107,
  "mean_local_coverage_ratio_mean": 0.34833416719734667,
  "coverage_overlap_ratio_mean": 0.40378550337534663,
  "knowledge_overlap_ratio_mean": 0.09725,
  "episode_length_mean": 149.508,
  "first_detection_step_mean": 16.092573753814854,
  "first_completion_step_mean": 49.17124183006536,
  "stay_ratio": 0.32552996049263805,
  "boundary_hit_ratio": 0.0,
  "collision_agent_ratio": 0.13082466044180469,
  "local_sensor_revisit_ratio": 0.7295640812977678,
  "local_new_observed_cells_per_decision": 0.9252592949318208,
  "team_new_observed_cells_per_env_step": 1.8812505016453969,
  "tracking_progress_ratio": 0.01052117612435455,
  "action_counts": {
    "down": 71601,
    "left": 67645,
    "right": 75418,
    "up": 87852,
    "stay": 146008
  },
  "eval_seed_base": 100000,
  "reward_part_step_mean_per_episode": -2.242619999999996,
  "reward_part_step_mean_per_env_step": -0.014999999999999975,
  "reward_part_boundary_mean_per_episode": 0.0,
  "reward_part_boundary_mean_per_env_step": 0.0,
  "reward_part_collision_mean_per_episode": -1.1735600000000004,
  "reward_part_collision_mean_per_env_step": -0.007849479626508284,
  "reward_part_new_cell_mean_per_episode": 0.005990000000000001,
  "reward_part_new_cell_mean_per_env_step": 4.00647456992268e-05,
  "reward_part_revisit_mean_per_episode": 0.0,
  "reward_part_revisit_mean_per_env_step": 0.0,
  "reward_part_new_observed_mean_per_episode": 4.173254999999999,
  "reward_part_new_observed_mean_per_env_step": 0.02791325547796773,
  "reward_part_detect_mean_per_episode": 2.3079,
  "reward_part_detect_mean_per_env_step": 0.01543663215346336,
  "reward_part_track_progress_mean_per_episode": 2.1069,
  "reward_part_track_progress_mean_per_env_step": 0.014092222489766434,
  "reward_part_complete_mean_per_episode": 7.38,
  "reward_part_complete_mean_per_env_step": 0.04936190705514086,
  "reward_part_idle_stay_mean_per_episode": -4.374719999999998,
  "reward_part_idle_stay_mean_per_env_step": -0.02926077534312544,
  "reward_part_all_targets_mean_per_episode": 0.045,
  "reward_part_all_targets_mean_per_env_step": 0.0003009872381411028,
  "algo": "shared_bdqn",
  "seed": 46,
  "n_agents": 3,
  "reward_version": "multi_local_v1_from_single_D"
}