{
  "episodes": 1000,
  "reward_mean": 10.465992,
  "reward_std": 9.324589574985913,
  "detected_mean": 2.813,
  "completed_mean": 1.306,
  "detected_value_mean": 3.514,
  "completed_value_mean": 1.631,
  "detected_to_completed_ratio": 0.4642730181301102,
  "team_coverage_ratio_mean": 0.7084800004661084,
  "mean_local_coverage_ratio_mean": 0.3804866666197777,
  "coverage_overlap_ratio_mean": 0.4838813741070417,
  "knowledge_overlap_ratio_mean": 0.16175,
  "episode_length_mean": 148.761,
  "first_detection_step_mean": 8.305725971370142,
  "first_completion_step_mean": 32.404066073697585,
  "stay_ratio": 0.06097924411192002,
  "boundary_hit_ratio": 0.0,
  "collision_agent_ratio": 0.3445862826950612,
  "local_sensor_revisit_ratio": 0.7082165352478136,
  "local_new_observed_cells_per_decision": 1.0163595745300629,
  "team_new_observed_cells_per_env_step": 1.8848488515135016,
  "tracking_progress_ratio": 0.010950450722971747,
  "action_counts": {
    "left": 108091,
    "up": 104939,
    "down": 61843,
    "right": 144196,
    "stay": 27214
  },
  "eval_seed_base": 100000,
  "reward_part_step_mean_per_episode": -2.231414999999996,
  "reward_part_step_mean_per_env_step": -0.014999999999999975,
  "reward_part_boundary_mean_per_episode": 0.0,
  "reward_part_boundary_mean_per_env_step": 0.0,
  "reward_part_collision_mean_per_episode": -3.075660000000001,
  "reward_part_collision_mean_per_env_step": -0.02067517696170368,
  "reward_part_new_cell_mean_per_episode": 0.005862000000000001,
  "reward_part_new_cell_mean_per_env_step": 3.9405489341964633e-05,
  "reward_part_revisit_mean_per_episode": 0.0,
  "reward_part_revisit_mean_per_env_step": 0.0,
  "reward_part_new_observed_mean_per_episode": 4.163624999999999,
  "reward_part_new_observed_mean_per_env_step": 0.027988686550910514,
  "reward_part_detect_mean_per_episode": 2.3187,
  "reward_part_detect_mean_per_env_step": 0.0155867465263073,
  "reward_part_track_progress_mean_per_episode": 2.1998999999999995,
  "reward_part_track_progress_mean_per_env_step": 0.014788150119991125,
  "reward_part_complete_mean_per_episode": 7.824,
  "reward_part_complete_mean_per_env_step": 0.0525944299917317,
  "reward_part_idle_stay_mean_per_episode": -0.81402,
  "reward_part_idle_stay_mean_per_env_step": -0.005471998709339141,
  "reward_part_all_targets_mean_per_episode": 0.075,
  "reward_part_all_targets_mean_per_env_step": 0.000504164397926876,
  "algo": "shared_ddqn",
  "seed": 46,
  "n_agents": 3,
  "reward_version": "multi_local_v1_from_single_D"
}