{
  "episodes": 1000,
  "reward_mean": 11.42815199999999,
  "reward_std": 9.497651775723082,
  "detected_mean": 2.878,
  "completed_mean": 1.461,
  "detected_value_mean": 3.584,
  "completed_value_mean": 1.823,
  "detected_to_completed_ratio": 0.5076441973592772,
  "team_coverage_ratio_mean": 0.7134600001573562,
  "mean_local_coverage_ratio_mean": 0.3749991665482521,
  "coverage_overlap_ratio_mean": 0.4669281898667397,
  "knowledge_overlap_ratio_mean": 0.146,
  "episode_length_mean": 149.58,
  "first_detection_step_mean": 18.538854805725972,
  "first_completion_step_mean": 50.204131227217495,
  "stay_ratio": 0.24226500869100148,
  "boundary_hit_ratio": 0.0,
  "collision_agent_ratio": 0.09164772474038418,
  "local_sensor_revisit_ratio": 0.688866604269733,
  "local_new_observed_cells_per_decision": 0.996120247804965,
  "team_new_observed_cells_per_env_step": 1.8878459687123947,
  "tracking_progress_ratio": 0.011777421223871284,
  "action_counts": {
    "down": 86401,
    "left": 87674,
    "right": 90629,
    "up": 75322,
    "stay": 108714
  },
  "eval_seed_base": 100000,
  "reward_part_step_mean_per_episode": -2.243699999999996,
  "reward_part_step_mean_per_env_step": -0.014999999999999975,
  "reward_part_boundary_mean_per_episode": 0.0,
  "reward_part_boundary_mean_per_env_step": 0.0,
  "reward_part_collision_mean_per_episode": -0.8225200000000003,
  "reward_part_collision_mean_per_env_step": -0.0054988634844230526,
  "reward_part_new_cell_mean_per_episode": 0.005582000000000001,
  "reward_part_new_cell_mean_per_env_step": 3.731782323840086e-05,
  "reward_part_revisit_mean_per_episode": 0.0,
  "reward_part_revisit_mean_per_env_step": 0.0,
  "reward_part_new_observed_mean_per_episode": 4.199879999999999,
  "reward_part_new_observed_mean_per_env_step": 0.02807781789009225,
  "reward_part_detect_mean_per_episode": 2.3622,
  "reward_part_detect_mean_per_env_step": 0.015792218210990777,
  "reward_part_track_progress_mean_per_episode": 2.3540999999999994,
  "reward_part_track_progress_mean_per_env_step": 0.015738066586442036,
  "reward_part_complete_mean_per_episode": 8.74,
  "reward_part_complete_mean_per_env_step": 0.058430271426661316,
  "reward_part_idle_stay_mean_per_episode": -3.2523899999999974,
  "reward_part_idle_stay_mean_per_env_step": -0.021743481748896894,
  "reward_part_all_targets_mean_per_episode": 0.085,
  "reward_part_all_targets_mean_per_env_step": 0.000568257788474395,
  "algo": "shared_bdqn",
  "seed": 48,
  "n_agents": 3,
  "reward_version": "multi_local_v1_from_single_D"
}