{
  "episodes": 1000,
  "reward_mean": 10.356364999999993,
  "reward_std": 9.476002711469368,
  "detected_mean": 2.773,
  "completed_mean": 1.472,
  "detected_value_mean": 3.426,
  "completed_value_mean": 1.823,
  "detected_to_completed_ratio": 0.5308330328164442,
  "team_coverage_ratio_mean": 0.6942600002884864,
  "mean_local_coverage_ratio_mean": 0.36023916709423065,
  "coverage_overlap_ratio_mean": 0.4528929433806336,
  "knowledge_overlap_ratio_mean": 0.12341666666666666,
  "episode_length_mean": 149.571,
  "first_detection_step_mean": 18.97672064777328,
  "first_completion_step_mean": 49.489234449760765,
  "stay_ratio": 0.2968601310860171,
  "boundary_hit_ratio": 4.45719201360335e-06,
  "collision_agent_ratio": 0.10092419876402066,
  "local_sensor_revisit_ratio": 0.7046642285826352,
  "local_new_observed_cells_per_decision": 0.9567072939718707,
  "team_new_observed_cells_per_env_step": 1.836612712357342,
  "tracking_progress_ratio": 0.011856130756184911,
  "action_counts": {
    "up": 83657,
    "right": 72177,
    "left": 81382,
    "stay": 133205,
    "down": 78292
  },
  "eval_seed_base": 100000,
  "reward_part_step_mean_per_episode": -2.2435649999999967,
  "reward_part_step_mean_per_env_step": -0.014999999999999979,
  "reward_part_boundary_mean_per_episode": -0.0004,
  "reward_part_boundary_mean_per_env_step": -2.6743152081620104e-06,
  "reward_part_collision_mean_per_episode": -0.9057200000000004,
  "reward_part_collision_mean_per_env_step": -0.006055451925841242,
  "reward_part_new_cell_mean_per_episode": 0.005120000000000001,
  "reward_part_new_cell_mean_per_env_step": 3.423123466447374e-05,
  "reward_part_revisit_mean_per_episode": 0.0,
  "reward_part_revisit_mean_per_env_step": 0.0,
  "reward_part_new_observed_mean_per_episode": 4.084199999999999,
  "reward_part_new_observed_mean_per_env_step": 0.027306095432938195,
  "reward_part_detect_mean_per_episode": 2.2515,
  "reward_part_detect_mean_per_env_step": 0.015053051727941915,
  "reward_part_track_progress_mean_per_episode": 2.3537999999999997,
  "reward_part_track_progress_mean_per_env_step": 0.015737007842429346,
  "reward_part_complete_mean_per_episode": 8.696,
  "reward_part_complete_mean_per_env_step": 0.0581396126254421,
  "reward_part_idle_stay_mean_per_episode": -3.9845699999999975,
  "reward_part_idle_stay_mean_per_env_step": -0.026639990372465235,
  "reward_part_all_targets_mean_per_episode": 0.1,
  "reward_part_all_targets_mean_per_env_step": 0.0006685788020405026,
  "algo": "shared_bdqn",
  "seed": 42,
  "n_agents": 3,
  "reward_version": "multi_local_v1_from_single_D"
}