{
  "episodes": 1000,
  "reward_mean": 6.550811999999996,
  "reward_std": 9.416632656350991,
  "detected_mean": 2.687,
  "completed_mean": 1.085,
  "detected_value_mean": 3.368,
  "completed_value_mean": 1.357,
  "detected_to_completed_ratio": 0.40379605508001487,
  "team_coverage_ratio_mean": 0.6643574996739626,
  "mean_local_coverage_ratio_mean": 0.32794833394885065,
  "coverage_overlap_ratio_mean": 0.4049056766194792,
  "knowledge_overlap_ratio_mean": 0.10675,
  "episode_length_mean": 149.716,
  "first_detection_step_mean": 19.432790224032587,
  "first_completion_step_mean": 50.63503649635037,
  "stay_ratio": 0.27946244890325683,
  "boundary_hit_ratio": 0.0,
  "collision_agent_ratio": 0.22458298823550366,
  "local_sensor_revisit_ratio": 0.737934934587263,
  "local_new_observed_cells_per_decision": 0.8695084916330474,
  "team_new_observed_cells_per_env_step": 1.754942691495899,
  "tracking_progress_ratio": 0.009328773589106486,
  "action_counts": {
    "down": 90737,
    "right": 79409,
    "left": 78040,
    "stay": 125520,
    "up": 75442
  },
  "eval_seed_base": 100000,
  "reward_part_step_mean_per_episode": -2.245739999999996,
  "reward_part_step_mean_per_env_step": -0.014999999999999973,
  "reward_part_boundary_mean_per_episode": 0.0,
  "reward_part_boundary_mean_per_env_step": 0.0,
  "reward_part_collision_mean_per_episode": -2.017420000000001,
  "reward_part_collision_mean_per_env_step": -0.013474979294130227,
  "reward_part_new_cell_mean_per_episode": 0.005752000000000001,
  "reward_part_new_cell_mean_per_env_step": 3.841940741136552e-05,
  "reward_part_revisit_mean_per_episode": 0.0,
  "reward_part_revisit_mean_per_env_step": 0.0,
  "reward_part_new_observed_mean_per_episode": 3.903119999999999,
  "reward_part_new_observed_mean_per_env_step": 0.026070159501990427,
  "reward_part_detect_mean_per_episode": 2.2251000000000003,
  "reward_part_detect_mean_per_env_step": 0.014862138983141418,
  "reward_part_track_progress_mean_per_episode": 1.8785999999999998,
  "reward_part_track_progress_mean_per_env_step": 0.012547757086750915,
  "reward_part_complete_mean_per_episode": 6.516,
  "reward_part_complete_mean_per_env_step": 0.04352240241523952,
  "reward_part_idle_stay_mean_per_episode": -3.7595999999999985,
  "reward_part_idle_stay_mean_per_env_step": -0.02511154452429933,
  "reward_part_all_targets_mean_per_episode": 0.045,
  "reward_part_all_targets_mean_per_env_step": 0.0003005690774533116,
  "algo": "shared_ddqn",
  "seed": 42,
  "n_agents": 3,
  "reward_version": "multi_local_v1_from_single_D"
}