{
  "episodes": 1000,
  "reward_mean": 9.039954999999996,
  "reward_std": 8.917864863686535,
  "detected_mean": 2.605,
  "completed_mean": 1.185,
  "detected_value_mean": 3.257,
  "completed_value_mean": 1.469,
  "detected_to_completed_ratio": 0.45489443378119004,
  "team_coverage_ratio_mean": 0.6528449997007847,
  "mean_local_coverage_ratio_mean": 0.32060916706174614,
  "coverage_overlap_ratio_mean": 0.403344217478972,
  "knowledge_overlap_ratio_mean": 0.11633333333333333,
  "episode_length_mean": 149.513,
  "first_detection_step_mean": 16.21610601427115,
  "first_completion_step_mean": 46.32105263157895,
  "stay_ratio": 0.1491553688753932,
  "boundary_hit_ratio": 0.0,
  "collision_agent_ratio": 0.18704059178800506,
  "local_sensor_revisit_ratio": 0.7550893010418269,
  "local_new_observed_cells_per_decision": 0.8510542004151256,
  "team_new_observed_cells_per_env_step": 1.7265254526362257,
  "tracking_progress_ratio": 0.00955323840290365,
  "action_counts": {
    "left": 73600,
    "up": 110196,
    "stay": 66902,
    "right": 61243,
    "down": 136598
  },
  "eval_seed_base": 100000,
  "reward_part_step_mean_per_episode": -2.2426949999999963,
  "reward_part_step_mean_per_env_step": -0.014999999999999977,
  "reward_part_boundary_mean_per_episode": 0.0,
  "reward_part_boundary_mean_per_env_step": 0.0,
  "reward_part_collision_mean_per_episode": -1.6779000000000006,
  "reward_part_collision_mean_per_env_step": -0.011222435507280307,
  "reward_part_new_cell_mean_per_episode": 0.004950000000000001,
  "reward_part_new_cell_mean_per_env_step": 3.31074889808913e-05,
  "reward_part_revisit_mean_per_episode": 0.0,
  "reward_part_revisit_mean_per_env_step": 0.0,
  "reward_part_new_observed_mean_per_episode": 3.8340599999999996,
  "reward_part_new_observed_mean_per_env_step": 0.02564365640445981,
  "reward_part_detect_mean_per_episode": 2.1498000000000004,
  "reward_part_detect_mean_per_env_step": 0.014378682790125275,
  "reward_part_track_progress_mean_per_episode": 1.8992999999999998,
  "reward_part_track_progress_mean_per_env_step": 0.012703243196243804,
  "reward_part_complete_mean_per_episode": 7.012,
  "reward_part_complete_mean_per_env_step": 0.04689893186545652,
  "reward_part_idle_stay_mean_per_episode": -1.9995599999999996,
  "reward_part_idle_stay_mean_per_env_step": -0.013373820336693126,
  "reward_part_all_targets_mean_per_episode": 0.06,
  "reward_part_all_targets_mean_per_env_step": 0.0004013028967380763,
  "algo": "shared_ddqn",
  "seed": 44,
  "n_agents": 3,
  "reward_version": "multi_local_v1_from_single_D"
}