{
  "episodes": 1000,
  "reward_mean": 8.506567999999993,
  "reward_std": 9.470609592385054,
  "detected_mean": 2.681,
  "completed_mean": 1.154,
  "detected_value_mean": 3.35,
  "completed_value_mean": 1.439,
  "detected_to_completed_ratio": 0.43043640432674374,
  "team_coverage_ratio_mean": 0.6581075001358986,
  "mean_local_coverage_ratio_mean": 0.31918750028312204,
  "coverage_overlap_ratio_mean": 0.38930970451983715,
  "knowledge_overlap_ratio_mean": 0.09866666666666665,
  "episode_length_mean": 149.54,
  "first_detection_step_mean": 15.508735868448099,
  "first_completion_step_mean": 41.99862825788752,
  "stay_ratio": 0.16910079800276404,
  "boundary_hit_ratio": 0.0,
  "collision_agent_ratio": 0.21401631670456064,
  "local_sensor_revisit_ratio": 0.7439235878917569,
  "local_new_observed_cells_per_decision": 0.8470977664838839,
  "team_new_observed_cells_per_env_step": 1.7402902233516115,
  "tracking_progress_ratio": 0.009564887878382595,
  "action_counts": {
    "stay": 75862,
    "up": 73085,
    "right": 109083,
    "down": 94267,
    "left": 96323
  },
  "eval_seed_base": 100000,
  "reward_part_step_mean_per_episode": -2.2430999999999965,
  "reward_part_step_mean_per_env_step": -0.014999999999999979,
  "reward_part_boundary_mean_per_episode": 0.0,
  "reward_part_boundary_mean_per_env_step": 0.0,
  "reward_part_collision_mean_per_episode": -1.9202400000000008,
  "reward_part_collision_mean_per_env_step": -0.012840979002273645,
  "reward_part_new_cell_mean_per_episode": 0.005728000000000001,
  "reward_part_new_cell_mean_per_env_step": 3.830413267353218e-05,
  "reward_part_revisit_mean_per_episode": 0.0,
  "reward_part_revisit_mean_per_env_step": 0.0,
  "reward_part_new_observed_mean_per_episode": 3.8673899999999994,
  "reward_part_new_observed_mean_per_env_step": 0.02586190985689447,
  "reward_part_detect_mean_per_episode": 2.2107,
  "reward_part_detect_mean_per_env_step": 0.014783335562391335,
  "reward_part_track_progress_mean_per_episode": 1.9095,
  "reward_part_track_progress_mean_per_env_step": 0.012769158753510767,
  "reward_part_complete_mean_per_episode": 6.896,
  "reward_part_complete_mean_per_env_step": 0.04611475190584459,
  "reward_part_idle_stay_mean_per_episode": -2.269409999999999,
  "reward_part_idle_stay_mean_per_env_step": -0.015175939547947031,
  "reward_part_all_targets_mean_per_episode": 0.05,
  "reward_part_all_targets_mean_per_env_step": 0.00033435870001337435,
  "algo": "shared_ddqn",
  "seed": 45,
  "n_agents": 3,
  "reward_version": "multi_local_v1_from_single_D"
}