{
  "episodes": 1000,
  "reward_mean": 6.531203999999989,
  "reward_std": 9.038537918180335,
  "detected_mean": 2.429,
  "completed_mean": 1.099,
  "detected_value_mean": 3.006,
  "completed_value_mean": 1.349,
  "detected_to_completed_ratio": 0.45244956772334294,
  "team_coverage_ratio_mean": 0.6046699997335673,
  "mean_local_coverage_ratio_mean": 0.276913334146142,
  "coverage_overlap_ratio_mean": 0.33598162692148165,
  "knowledge_overlap_ratio_mean": 0.09216666666666666,
  "episode_length_mean": 149.499,
  "first_detection_step_mean": 11.472251308900523,
  "first_completion_step_mean": 36.97931034482759,
  "stay_ratio": 0.2737298131314145,
  "boundary_hit_ratio": 0.0,
  "collision_agent_ratio": 0.14486607491242973,
  "local_sensor_revisit_ratio": 0.7975705523113867,
  "local_new_observed_cells_per_decision": 0.7342211876556588,
  "team_new_observed_cells_per_env_step": 1.5977899517722527,
  "tracking_progress_ratio": 0.009161711226607982,
  "action_counts": {
    "up": 44221,
    "left": 101390,
    "down": 46836,
    "stay": 122767,
    "right": 133283
  },
  "eval_seed_base": 100000,
  "reward_part_step_mean_per_episode": -2.242484999999996,
  "reward_part_step_mean_per_env_step": -0.014999999999999973,
  "reward_part_boundary_mean_per_episode": 0.0,
  "reward_part_boundary_mean_per_env_step": 0.0,
  "reward_part_collision_mean_per_episode": -1.2994400000000006,
  "reward_part_collision_mean_per_env_step": -0.008691964494745788,
  "reward_part_new_cell_mean_per_episode": 0.005894000000000002,
  "reward_part_new_cell_mean_per_env_step": 3.9425012876340323e-05,
  "reward_part_revisit_mean_per_episode": 0.0,
  "reward_part_revisit_mean_per_env_step": 0.0,
  "reward_part_new_observed_mean_per_episode": 3.5423549999999997,
  "reward_part_new_observed_mean_per_env_step": 0.02369484076816567,
  "reward_part_detect_mean_per_episode": 1.9767000000000003,
  "reward_part_detect_mean_per_env_step": 0.013222162021150645,
  "reward_part_track_progress_mean_per_episode": 1.7841,
  "reward_part_track_progress_mean_per_env_step": 0.011933859089358456,
  "reward_part_complete_mean_per_episode": 6.396,
  "reward_part_complete_mean_per_env_step": 0.042782894868862,
  "reward_part_idle_stay_mean_per_episode": -3.6769199999999973,
  "reward_part_idle_stay_mean_per_env_step": -0.02459494712339211,
  "reward_part_all_targets_mean_per_episode": 0.045,
  "reward_part_all_targets_mean_per_env_step": 0.00030100535789537053,
  "algo": "shared_bdqn",
  "seed": 44,
  "n_agents": 3,
  "reward_version": "multi_local_v1_from_single_D"
}