{
  "episodes": 1000,
  "reward_mean": 10.549173999999992,
  "reward_std": 8.906835437444878,
  "detected_mean": 3.06,
  "completed_mean": 1.421,
  "detected_value_mean": 3.845,
  "completed_value_mean": 1.769,
  "detected_to_completed_ratio": 0.4643790849673203,
  "team_coverage_ratio_mean": 0.7620475004315377,
  "mean_local_coverage_ratio_mean": 0.40825083407759666,
  "coverage_overlap_ratio_mean": 0.49165360795282664,
  "knowledge_overlap_ratio_mean": 0.14091666666666666,
  "episode_length_mean": 149.351,
  "first_detection_step_mean": 14.668341708542714,
  "first_completion_step_mean": 49.997610513739545,
  "stay_ratio": 0.22992146018439782,
  "boundary_hit_ratio": 0.0,
  "collision_agent_ratio": 0.2335616545364053,
  "local_sensor_revisit_ratio": 0.680296750607629,
  "local_new_observed_cells_per_decision": 1.0867040283180784,
  "team_new_observed_cells_per_env_step": 2.020870298826255,
  "tracking_progress_ratio": 0.011866899674815256,
  "action_counts": {
    "right": 86956,
    "left": 68028,
    "down": 94247,
    "up": 95805,
    "stay": 103017
  },
  "eval_seed_base": 100000,
  "reward_part_step_mean_per_episode": -2.2402649999999964,
  "reward_part_step_mean_per_env_step": -0.014999999999999975,
  "reward_part_boundary_mean_per_episode": 0.0,
  "reward_part_boundary_mean_per_env_step": 0.0,
  "reward_part_collision_mean_per_episode": -2.092960000000001,
  "reward_part_collision_mean_per_env_step": -0.014013699272184325,
  "reward_part_new_cell_mean_per_episode": 0.005674000000000001,
  "reward_part_new_cell_mean_per_env_step": 3.799104123842493e-05,
  "reward_part_revisit_mean_per_episode": 0.0,
  "reward_part_revisit_mean_per_env_step": 0.0,
  "reward_part_new_observed_mean_per_episode": 4.484414999999999,
  "reward_part_new_observed_mean_per_env_step": 0.03002601254762271,
  "reward_part_detect_mean_per_episode": 2.5425,
  "reward_part_detect_mean_per_env_step": 0.017023655683591005,
  "reward_part_track_progress_mean_per_episode": 2.3727,
  "reward_part_track_progress_mean_per_env_step": 0.015886736613748818,
  "reward_part_complete_mean_per_episode": 8.468,
  "reward_part_complete_mean_per_env_step": 0.05669864949012728,
  "reward_part_idle_stay_mean_per_episode": -3.0858899999999982,
  "reward_part_idle_stay_mean_per_env_step": -0.02066199757617959,
  "reward_part_all_targets_mean_per_episode": 0.095,
  "reward_part_all_targets_mean_per_env_step": 0.0006360854631036954,
  "algo": "shared_ddqn",
  "seed": 43,
  "n_agents": 3,
  "reward_version": "multi_local_v1_from_single_D"
}