{
  "episodes": 1000,
  "reward_mean": 9.149870999999996,
  "reward_std": 9.202976041170535,
  "detected_mean": 2.866,
  "completed_mean": 1.194,
  "detected_value_mean": 3.584,
  "completed_value_mean": 1.503,
  "detected_to_completed_ratio": 0.41660851360781576,
  "team_coverage_ratio_mean": 0.714902500718832,
  "mean_local_coverage_ratio_mean": 0.3530550001189113,
  "coverage_overlap_ratio_mean": 0.405275835991844,
  "knowledge_overlap_ratio_mean": 0.09916666666666665,
  "episode_length_mean": 149.891,
  "first_detection_step_mean": 18.109072375127422,
  "first_completion_step_mean": 50.91056910569106,
  "stay_ratio": 0.22188568137290876,
  "boundary_hit_ratio": 0.0,
  "collision_agent_ratio": 0.1731836245449471,
  "local_sensor_revisit_ratio": 0.7255850362374436,
  "local_new_observed_cells_per_decision": 0.9354931250041697,
  "team_new_observed_cells_per_env_step": 1.8877784523420351,
  "tracking_progress_ratio": 0.010276356374521041,
  "action_counts": {
    "left": 49822,
    "right": 62925,
    "stay": 99776,
    "down": 102345,
    "up": 134805
  },
  "eval_seed_base": 100000,
  "reward_part_step_mean_per_episode": -2.2483649999999966,
  "reward_part_step_mean_per_env_step": -0.014999999999999977,
  "reward_part_boundary_mean_per_episode": 0.0,
  "reward_part_boundary_mean_per_env_step": 0.0,
  "reward_part_collision_mean_per_episode": -1.5575200000000005,
  "reward_part_collision_mean_per_env_step": -0.010391017472696829,
  "reward_part_new_cell_mean_per_episode": 0.005836000000000002,
  "reward_part_new_cell_mean_per_env_step": 3.893495940383347e-05,
  "reward_part_revisit_mean_per_episode": 0.0,
  "reward_part_revisit_mean_per_env_step": 0.0,
  "reward_part_new_observed_mean_per_episode": 4.2086999999999986,
  "reward_part_new_observed_mean_per_env_step": 0.028078403639978378,
  "reward_part_detect_mean_per_episode": 2.3658,
  "reward_part_detect_mean_per_env_step": 0.015783469321039956,
  "reward_part_track_progress_mean_per_episode": 2.0828999999999995,
  "reward_part_track_progress_mean_per_env_step": 0.01389609783109059,
  "reward_part_complete_mean_per_episode": 7.248,
  "reward_part_complete_mean_per_env_step": 0.04835513806699535,
  "reward_part_idle_stay_mean_per_episode": -2.985479999999998,
  "reward_part_idle_stay_mean_per_env_step": -0.019917673509416832,
  "reward_part_all_targets_mean_per_episode": 0.03,
  "reward_part_all_targets_mean_per_env_step": 0.00020014543901902048,
  "algo": "shared_ddqn",
  "seed": 48,
  "n_agents": 3,
  "reward_version": "multi_local_v1_from_single_D"
}