{
  "episodes": 1000,
  "reward_mean": 10.273068999999992,
  "reward_std": 9.305772329164238,
  "detected_mean": 2.857,
  "completed_mean": 1.319,
  "detected_value_mean": 3.589,
  "completed_value_mean": 1.636,
  "detected_to_completed_ratio": 0.46167308365418264,
  "team_coverage_ratio_mean": 0.7180699998736382,
  "mean_local_coverage_ratio_mean": 0.38089833289384845,
  "coverage_overlap_ratio_mean": 0.47364919801871874,
  "knowledge_overlap_ratio_mean": 0.1345833333333333,
  "episode_length_mean": 149.416,
  "first_detection_step_mean": 13.162079510703364,
  "first_completion_step_mean": 43.35227272727273,
  "stay_ratio": 0.18809899876853883,
  "boundary_hit_ratio": 0.0,
  "collision_agent_ratio": 0.18224509646445716,
  "local_sensor_revisit_ratio": 0.6965496778569007,
  "local_new_observed_cells_per_decision": 1.0130061930003034,
  "team_new_observed_cells_per_env_step": 1.9022594635112706,
  "tracking_progress_ratio": 0.011009530438507255,
  "action_counts": {
    "down": 83547,
    "right": 94849,
    "up": 74894,
    "stay": 84315,
    "left": 110643
  },
  "eval_seed_base": 100000,
  "reward_part_step_mean_per_episode": -2.2412399999999963,
  "reward_part_step_mean_per_env_step": -0.014999999999999973,
  "reward_part_boundary_mean_per_episode": 0.0,
  "reward_part_boundary_mean_per_env_step": 0.0,
  "reward_part_collision_mean_per_episode": -1.6338200000000007,
  "reward_part_collision_mean_per_env_step": -0.010934705787867434,
  "reward_part_new_cell_mean_per_episode": 0.005754000000000001,
  "reward_part_new_cell_mean_per_env_step": 3.850993200192751e-05,
  "reward_part_revisit_mean_per_episode": 0.0,
  "reward_part_revisit_mean_per_env_step": 0.0,
  "reward_part_new_observed_mean_per_episode": 4.218254999999999,
  "reward_part_new_observed_mean_per_env_step": 0.02823161508807624,
  "reward_part_detect_mean_per_episode": 2.373,
  "reward_part_detect_mean_per_env_step": 0.015881833270867913,
  "reward_part_track_progress_mean_per_episode": 2.1866999999999996,
  "reward_part_track_progress_mean_per_env_step": 0.0146349788509932,
  "reward_part_complete_mean_per_episode": 7.812,
  "reward_part_complete_mean_per_env_step": 0.05228355731648552,
  "reward_part_idle_stay_mean_per_episode": -2.522579999999999,
  "reward_part_idle_stay_mean_per_env_step": -0.016882930877549922,
  "reward_part_all_targets_mean_per_episode": 0.075,
  "reward_part_all_targets_mean_per_env_step": 0.0005019542753118809,
  "algo": "shared_ddqn",
  "seed": 47,
  "n_agents": 3,
  "reward_version": "multi_local_v1_from_single_D"
}