{
  "episodes": 1000,
  "reward_mean": 0.7341499999999939,
  "reward_std": 8.33847378837998,
  "detected_mean": 2.062,
  "completed_mean": 0.954,
  "detected_value_mean": 2.568,
  "completed_value_mean": 1.173,
  "detected_to_completed_ratio": 0.4626576139670223,
  "team_coverage_ratio_mean": 0.51241499953717,
  "mean_local_coverage_ratio_mean": 0.23931666738539933,
  "coverage_overlap_ratio_mean": 0.3537143005855321,
  "knowledge_overlap_ratio_mean": 0.14775,
  "episode_length_mean": 149.891,
  "first_detection_step_mean": 34.324175824175825,
  "first_completion_step_mean": 65.8176291793313,
  "stay_ratio": 0.5992309967465247,
  "boundary_hit_ratio": 0.0,
  "collision_agent_ratio": 0.08451029970667574,
  "local_sensor_revisit_ratio": 0.8253886713233839,
  "local_new_observed_cells_per_decision": 0.6319703428936138,
  "team_new_observed_cells_per_env_step": 1.3474191245638498,
  "tracking_progress_ratio": 0.007725613946134191,
  "action_counts": {
    "up": 52068,
    "right": 50416,
    "stay": 269458,
    "left": 36325,
    "down": 41406
  },
  "eval_seed_base": 100000,
  "reward_part_step_mean_per_episode": -2.248364999999996,
  "reward_part_step_mean_per_env_step": -0.014999999999999973,
  "reward_part_boundary_mean_per_episode": 0.0,
  "reward_part_boundary_mean_per_env_step": 0.0,
  "reward_part_collision_mean_per_episode": -0.7600400000000002,
  "reward_part_collision_mean_per_env_step": -0.005070617982400546,
  "reward_part_new_cell_mean_per_episode": 0.00446,
  "reward_part_new_cell_mean_per_env_step": 2.9754955267494386e-05,
  "reward_part_revisit_mean_per_episode": 0.0,
  "reward_part_revisit_mean_per_env_step": 0.0,
  "reward_part_new_observed_mean_per_episode": 2.9933549999999998,
  "reward_part_new_observed_mean_per_env_step": 0.019970211687159335,
  "reward_part_detect_mean_per_episode": 1.6925999999999999,
  "reward_part_detect_mean_per_env_step": 0.011292205669453135,
  "reward_part_track_progress_mean_per_episode": 1.5306,
  "reward_part_track_progress_mean_per_env_step": 0.010211420298750424,
  "reward_part_complete_mean_per_episode": 5.568,
  "reward_part_complete_mean_per_env_step": 0.0371469934819302,
  "reward_part_idle_stay_mean_per_episode": -8.06645999999999,
  "reward_part_idle_stay_mean_per_env_step": -0.053815505934312204,
  "reward_part_all_targets_mean_per_episode": 0.02,
  "reward_part_all_targets_mean_per_env_step": 0.000133430292679347,
  "algo": "shared_bdqn",
  "seed": 45,
  "n_agents": 3,
  "reward_version": "multi_local_v1_from_single_D"
}