{
  "episodes": 1000,
  "reward_mean": 8.513518999999993,
  "reward_std": 10.146587436751279,
  "detected_mean": 2.665,
  "completed_mean": 1.261,
  "detected_value_mean": 3.314,
  "completed_value_mean": 1.58,
  "detected_to_completed_ratio": 0.47317073170731705,
  "team_coverage_ratio_mean": 0.6773625011891127,
  "mean_local_coverage_ratio_mean": 0.3436991672515869,
  "coverage_overlap_ratio_mean": 0.43307557645024986,
  "knowledge_overlap_ratio_mean": 0.12391666666666666,
  "episode_length_mean": 149.112,
  "first_detection_step_mean": 16.51440329218107,
  "first_completion_step_mean": 48.3728362183755,
  "stay_ratio": 0.26773834433177746,
  "boundary_hit_ratio": 0.0,
  "collision_agent_ratio": 0.18199071838617953,
  "local_sensor_revisit_ratio": 0.7244688556253018,
  "local_new_observed_cells_per_decision": 0.9152829193268595,
  "team_new_observed_cells_per_env_step": 1.7969378722034444,
  "tracking_progress_ratio": 0.01042840281130962,
  "action_counts": {
    "right": 69716,
    "left": 76793,
    "down": 81179,
    "up": 99879,
    "stay": 119769
  },
  "eval_seed_base": 100000,
  "reward_part_step_mean_per_episode": -2.2366799999999967,
  "reward_part_step_mean_per_env_step": -0.014999999999999977,
  "reward_part_boundary_mean_per_episode": 0.0,
  "reward_part_boundary_mean_per_env_step": 0.0,
  "reward_part_collision_mean_per_episode": -1.6282200000000007,
  "reward_part_collision_mean_per_env_step": -0.010919443103170775,
  "reward_part_new_cell_mean_per_episode": 0.004734000000000001,
  "reward_part_new_cell_mean_per_env_step": 3.174794785127958e-05,
  "reward_part_revisit_mean_per_episode": 0.0,
  "reward_part_revisit_mean_per_env_step": 0.0,
  "reward_part_new_observed_mean_per_episode": 3.976364999999999,
  "reward_part_new_observed_mean_per_env_step": 0.026666968453243192,
  "reward_part_detect_mean_per_episode": 2.1831000000000005,
  "reward_part_detect_mean_per_env_step": 0.01464067278287462,
  "reward_part_track_progress_mean_per_episode": 2.0925,
  "reward_part_track_progress_mean_per_env_step": 0.014033075808788025,
  "reward_part_complete_mean_per_episode": 7.596,
  "reward_part_complete_mean_per_env_step": 0.050941574118783195,
  "reward_part_idle_stay_mean_per_episode": -3.584279999999999,
  "reward_part_idle_stay_mean_per_env_step": -0.024037502011910503,
  "reward_part_all_targets_mean_per_episode": 0.11,
  "reward_part_all_targets_mean_per_env_step": 0.0007377005204141853,
  "algo": "shared_bdqn",
  "seed": 43,
  "n_agents": 3,
  "reward_version": "multi_local_v1_from_single_D"
}