{
  "episodes": 1000,
  "reward_mean": 5.868670999999994,
  "reward_std": 9.185411550211505,
  "detected_mean": 2.588,
  "completed_mean": 1.152,
  "detected_value_mean": 3.231,
  "completed_value_mean": 1.462,
  "detected_to_completed_ratio": 0.4451313755795981,
  "team_coverage_ratio_mean": 0.6478024992793798,
  "mean_local_coverage_ratio_mean": 0.30951833295077086,
  "coverage_overlap_ratio_mean": 0.37633818697632876,
  "knowledge_overlap_ratio_mean": 0.09408333333333331,
  "episode_length_mean": 149.654,
  "first_detection_step_mean": 17.020703933747413,
  "first_completion_step_mean": 51.00271002710027,
  "stay_ratio": 0.42530770978390153,
  "boundary_hit_ratio": 0.0,
  "collision_agent_ratio": 0.1390518573955034,
  "local_sensor_revisit_ratio": 0.7777183815111302,
  "local_new_observed_cells_per_decision": 0.8206084256574053,
  "team_new_observed_cells_per_env_step": 1.7114210111323453,
  "tracking_progress_ratio": 0.009764746236875281,
  "action_counts": {
    "left": 66116,
    "down": 65909,
    "up": 63668,
    "right": 62322,
    "stay": 190947
  },
  "eval_seed_base": 100000,
  "reward_part_step_mean_per_episode": -2.244809999999996,
  "reward_part_step_mean_per_env_step": -0.014999999999999975,
  "reward_part_boundary_mean_per_episode": 0.0,
  "reward_part_boundary_mean_per_env_step": 0.0,
  "reward_part_collision_mean_per_episode": -1.248580000000001,
  "reward_part_collision_mean_per_env_step": -0.008343111443730209,
  "reward_part_new_cell_mean_per_episode": 0.005866000000000001,
  "reward_part_new_cell_mean_per_env_step": 3.919708126745694e-05,
  "reward_part_revisit_mean_per_episode": 0.0,
  "reward_part_revisit_mean_per_env_step": 0.0,
  "reward_part_new_observed_mean_per_episode": 3.801945,
  "reward_part_new_observed_mean_per_env_step": 0.025404900637470428,
  "reward_part_detect_mean_per_episode": 2.1315,
  "reward_part_detect_mean_per_env_step": 0.014242853515442288,
  "reward_part_track_progress_mean_per_episode": 1.9961999999999998,
  "reward_part_track_progress_mean_per_env_step": 0.013338768091731594,
  "reward_part_complete_mean_per_episode": 7.088,
  "reward_part_complete_mean_per_env_step": 0.047362583024843974,
  "reward_part_idle_stay_mean_per_episode": -5.7214499999999955,
  "reward_part_idle_stay_mean_per_env_step": -0.03823118660376599,
  "reward_part_all_targets_mean_per_episode": 0.06,
  "reward_part_all_targets_mean_per_env_step": 0.00040092479987170407,
  "algo": "shared_bdqn",
  "seed": 47,
  "n_agents": 3,
  "reward_version": "multi_local_v1_from_single_D"
}