{
  "schema_version": 1,
  "scope": "single",
  "algo": "baseline_frontier",
  "baseline": "frontier",
  "is_baseline": true,
  "training_seed": 999,
  "detection_probability": 1.0,
  "reward_mode": "task_potential",
  "global_state_mode": null,
  "policy_mode": "deterministic",
  "eval_seed_base": 200000,
  "episodes": 300,
  "episode_csv": "logs/thesis_v2/screen/baselines/pdet_1p00/single/baseline_frontier/final_test_deterministic_episodes.csv",
  "summary": {
    "episodes": 300,
    "action_0_mean": 0.0,
    "action_0_std": 0.0,
    "action_0_ci95_low": 0.0,
    "action_0_ci95_high": 0.0,
    "action_1_mean": 0.0,
    "action_1_std": 0.0,
    "action_1_ci95_low": 0.0,
    "action_1_ci95_high": 0.0,
    "action_2_mean": 0.0,
    "action_2_std": 0.0,
    "action_2_ci95_low": 0.0,
    "action_2_ci95_high": 0.0,
    "action_3_mean": 0.0,
    "action_3_std": 0.0,
    "action_3_ci95_low": 0.0,
    "action_3_ci95_high": 0.0,
    "action_4_mean": 0.0,
    "action_4_std": 0.0,
    "action_4_ci95_low": 0.0,
    "action_4_ci95_high": 0.0,
    "boundary_hits_mean": 0.0,
    "boundary_hits_std": 0.0,
    "boundary_hits_ci95_low": 0.0,
    "boundary_hits_ci95_high": 0.0,
    "completed_mean": 3.8833333333333333,
    "completed_std": 0.33124344857252985,
    "completed_ci95_low": 3.845786978977938,
    "completed_ci95_high": 3.9208796876887284,
    "completed_value_mean": 4.873333333333333,
    "completed_value_std": 0.37941475400352526,
    "completed_value_ci95_low": 4.83032677467422,
    "completed_value_ci95_high": 4.916339891992446,
    "decisions_mean": 107.18333333333334,
    "decisions_std": 27.939632344674038,
    "decisions_ci95_low": 104.01638364393324,
    "decisions_ci95_high": 110.35028302273344,
    "detected_mean": 3.9066666666666667,
    "detected_std": 0.30214051182999097,
    "detected_ci95_low": 3.8724191222361983,
    "detected_ci95_high": 3.940914211097135,
    "detected_value_mean": 4.9,
    "detected_value_std": 0.3415650255319866,
    "detected_value_ci95_low": 4.861283697717495,
    "detected_value_ci95_high": 4.938716302282506,
    "episode_length_mean": 107.18333333333334,
    "episode_length_std": 27.939632344674038,
    "episode_length_ci95_low": 104.01638364393324,
    "episode_length_ci95_high": 110.35028302273344,
    "first_completion_step_mean": 22.036666666666665,
    "first_completion_step_std": 15.986306292852294,
    "first_completion_step_ci95_low": 20.224623217982764,
    "first_completion_step_ci95_high": 23.848710115350567,
    "first_detection_step_mean": 18.05666666666667,
    "first_detection_step_std": 15.960371410326124,
    "first_detection_step_ci95_low": 16.24756292982821,
    "first_detection_step_ci95_high": 19.865770403505127,
    "had_completion_mean": 1.0,
    "had_completion_std": 0.0,
    "had_completion_ci95_low": 1.0,
    "had_completion_ci95_high": 1.0,
    "had_detection_mean": 1.0,
    "had_detection_std": 0.0,
    "had_detection_ci95_low": 1.0,
    "had_detection_ci95_high": 1.0,
    "new_observed_cells_mean": 324.12666666666667,
    "new_observed_cells_std": 60.51978152270178,
    "new_observed_cells_ci95_low": 317.2667659732197,
    "new_observed_cells_ci95_high": 330.9865673601136,
    "position_revisit_steps_mean": 106.18333333333334,
    "position_revisit_steps_std": 27.939632344674038,
    "position_revisit_steps_ci95_low": 103.01638364393324,
    "position_revisit_steps_ci95_high": 109.35028302273344,
    "reward_mean": 15.503555835878897,
    "reward_std": 4.204070233555843,
    "reward_ci95_low": 15.027025624023269,
    "reward_ci95_high": 15.980086047734526,
    "reward_part_complete_mean": 23.453333333333333,
    "reward_part_complete_std": 1.7798376954717594,
    "reward_part_complete_ci95_low": 23.251589217042863,
    "reward_part_complete_ci95_high": 23.655077449623803,
    "reward_part_potential_mean": -7.413860830787762,
    "reward_part_potential_std": 3.0017357524593615,
    "reward_part_potential_ci95_low": -7.754106757850739,
    "reward_part_potential_ci95_high": -7.073614903724785,
    "reward_part_step_mean": -0.535916666666667,
    "reward_part_step_std": 0.1396981617233703,
    "reward_part_step_ci95_low": -0.5517514151136675,
    "reward_part_step_ci95_high": -0.5200819182196665,
    "sensor_coverage_ratio_mean": 0.8128166681528092,
    "sensor_coverage_ratio_std": 0.15129945422904686,
    "sensor_coverage_ratio_ci95_low": 0.795666916371325,
    "sensor_coverage_ratio_ci95_high": 0.8299664199342933,
    "sensor_revisit_steps_mean": 22.363333333333333,
    "sensor_revisit_steps_std": 12.936691574312533,
    "sensor_revisit_steps_ci95_low": 20.896962879430642,
    "sensor_revisit_steps_ci95_high": 23.829703787236024,
    "tracking_progress_steps_mean": 11.676666666666666,
    "tracking_progress_steps_std": 0.9445222190198714,
    "tracking_progress_steps_ci95_low": 11.569605331311383,
    "tracking_progress_steps_ci95_high": 11.783728002021949,
    "detected_to_completed_ratio": 0.9940273037542662,
    "stay_ratio": 0.0,
    "boundary_hit_ratio": 0.0,
    "revisit_ratio": 0.9906701912610791,
    "sensor_revisit_ratio": 0.20864562276473334,
    "new_observed_cells_per_step": 3.0240398071839527,
    "tracking_progress_ratio": 0.10894106670813249,
    "eval_seed_base": 200000
  }
}