{
  "reward_version": "v3_frontier",
  "ablation": "A",
  "episodes": 500,
  "reward_mean": 5.137187999999998,
  "reward_std": 6.440188280528448,
  "detected_mean": 1.112,
  "completed_mean": 0.612,
  "detected_value_mean": 1.386,
  "completed_value_mean": 0.758,
  "sensor_coverage_ratio_mean": 0.2807300001978874,
  "episode_length_mean": 149.964,
  "detected_to_completed_ratio": 0.5503597122302158,
  "first_detection_step_mean": 42.22527472527472,
  "first_completion_step_mean": 58.871369294605806,
  "stay_ratio": 0.20866341255234588,
  "boundary_hit_ratio": 0.0,
  "revisit_ratio": 0.9946387132911899,
  "sensor_revisit_ratio": 0.7193726494358647,
  "new_observed_cells_per_step": 0.7421247766130538,
  "tracking_progress_ratio": 0.014123389613507242,
  "action_counts": {
    "right": 14730,
    "left": 14961,
    "stay": 15646,
    "down": 14903,
    "up": 14742
  },
  "reward_part_step_mean_per_episode": -0.7498199999994631,
  "reward_part_step_mean_per_step": -0.00499999999999642,
  "reward_part_boundary_mean_per_episode": 0.0,
  "reward_part_boundary_mean_per_step": 0.0,
  "reward_part_new_cell_mean_per_episode": 0.0016080000000000011,
  "reward_part_new_cell_mean_per_step": 1.0722573417620237e-05,
  "reward_part_revisit_mean_per_episode": 0.0,
  "reward_part_revisit_mean_per_step": 0.0,
  "reward_part_new_observed_mean_per_episode": 1.6478999999995134,
  "reward_part_new_observed_mean_per_step": 0.010988637272942263,
  "reward_part_detect_mean_per_episode": 0.9138000000000073,
  "reward_part_detect_mean_per_step": 0.006093462430983484,
  "reward_part_track_progress_mean_per_episode": 0.6267999999999911,
  "reward_part_track_progress_mean_per_step": 0.004179669787415587,
  "reward_part_complete_mean_per_episode": 3.616,
  "reward_part_complete_mean_per_step": 0.024112453655543997,
  "reward_part_idle_stay_mean_per_episode": -0.9290999999996385,
  "reward_part_idle_stay_mean_per_step": -0.006195486916857636,
  "reward_part_all_targets_mean_per_episode": 0.01,
  "reward_part_all_targets_mean_per_step": 6.66826705075885e-05,
  "algo": "baseline_random",
  "baseline": "random",
  "seed": 999,
  "eval_seed_base": 200000
}